,level_0,index,heart_rate,anomaly
0,19,2020-01-01 01:35:00,62.6,-1
1,20,2020-01-01 01:40:00,65.0,-1
2,21,2020-01-01 01:45:00,65.8,-1
3,22,2020-01-01 01:50:00,63.0,-1
4,39,2020-01-01 03:15:00,62.6,-1
5,40,2020-01-01 03:20:00,60.6,-1
6,589,2020-01-03 01:05:00,62.0,-1
7,590,2020-01-03 01:10:00,60.8,-1
8,604,2020-01-03 02:20:00,60.2,-1
9,624,2020-01-03 04:00:00,59.4,-1
10,625,2020-01-03 04:05:00,58.0,-1
11,1169,2020-01-05 01:25:00,61.0,-1
12,1170,2020-01-05 01:30:00,58.8,-1
13,1171,2020-01-05 01:35:00,59.6,-1
14,1172,2020-01-05 01:40:00,59.8,-1
15,1173,2020-01-05 01:45:00,61.0,-1
16,1192,2020-01-05 03:20:00,60.0,-1
17,1193,2020-01-05 03:25:00,63.4,-1
18,1194,2020-01-05 03:30:00,64.4,-1
19,1195,2020-01-05 03:35:00,63.8,-1
20,1196,2020-01-05 03:40:00,58.8,-1
21,1209,2020-01-05 04:45:00,64.0,-1
22,1210,2020-01-05 04:50:00,70.6,-1
23,1211,2020-01-05 04:55:00,61.4,-1
24,1594,2020-01-06 12:50:00,57.90017513134851,-1
25,1595,2020-01-06 12:55:00,57.97898423817863,-1
26,1596,2020-01-06 13:00:00,58.05779334500876,-1
27,1597,2020-01-06 13:05:00,58.13660245183888,-1
28,1598,2020-01-06 13:10:00,58.21541155866901,-1
29,1599,2020-01-06 13:15:00,58.29422066549912,-1
30,1600,2020-01-06 13:20:00,58.37302977232925,-1
31,1601,2020-01-06 13:25:00,58.45183887915937,-1
32,1602,2020-01-06 13:30:00,58.53064798598949,-1
33,1603,2020-01-06 13:35:00,58.60945709281962,-1
34,1604,2020-01-06 13:40:00,58.68826619964974,-1
35,1605,2020-01-06 13:45:00,58.76707530647987,-1
36,1606,2020-01-06 13:50:00,58.845884413309975,-1
37,1607,2020-01-06 13:55:00,58.9246935201401,-1
38,1608,2020-01-06 14:00:00,59.003502626970224,-1
39,1609,2020-01-06 14:05:00,59.08231173380035,-1
40,1610,2020-01-06 14:10:00,59.16112084063048,-1
41,1611,2020-01-06 14:15:00,59.2399299474606,-1
42,1612,2020-01-06 14:20:00,59.31873905429072,-1
43,1613,2020-01-06 14:25:00,59.397548161120845,-1
44,1614,2020-01-06 14:30:00,59.47635726795096,-1
45,1615,2020-01-06 14:35:00,59.55516637478108,-1
46,1616,2020-01-06 14:40:00,59.63397548161121,-1
47,1617,2020-01-06 14:45:00,59.71278458844133,-1
48,1618,2020-01-06 14:50:00,59.79159369527146,-1
49,1619,2020-01-06 14:55:00,59.87040280210158,-1
50,1620,2020-01-06 15:00:00,59.9492119089317,-1
51,1621,2020-01-06 15:05:00,60.02802101576183,-1
52,1622,2020-01-06 15:10:00,60.10683012259194,-1
53,1623,2020-01-06 15:15:00,60.18563922942207,-1
54,1624,2020-01-06 15:20:00,60.26444833625219,-1
55,1625,2020-01-06 15:25:00,60.34325744308232,-1
56,1626,2020-01-06 15:30:00,60.42206654991244,-1
57,1627,2020-01-06 15:35:00,60.50087565674255,-1
58,1628,2020-01-06 15:40:00,60.579684763572686,-1
59,1629,2020-01-06 15:45:00,60.6584938704028,-1
60,1630,2020-01-06 15:50:00,60.73730297723292,-1
61,1631,2020-01-06 15:55:00,60.81611208406305,-1
62,1632,2020-01-06 16:00:00,60.89492119089317,-1
63,1633,2020-01-06 16:05:00,60.97373029772329,-1
64,1634,2020-01-06 16:10:00,61.05253940455341,-1
65,1635,2020-01-06 16:15:00,61.13134851138354,-1
66,1636,2020-01-06 16:20:00,61.21015761821366,-1
67,1637,2020-01-06 16:25:00,61.28896672504378,-1
68,1638,2020-01-06 16:30:00,61.36777583187391,-1
69,1639,2020-01-06 16:35:00,61.44658493870403,-1
70,1640,2020-01-06 16:40:00,61.52539404553416,-1
71,1641,2020-01-06 16:45:00,61.60420315236428,-1
72,1642,2020-01-06 16:50:00,61.6830122591944,-1
73,1643,2020-01-06 16:55:00,61.76182136602451,-1
74,1644,2020-01-06 17:00:00,61.84063047285464,-1
75,1645,2020-01-06 17:05:00,61.91943957968476,-1
76,1646,2020-01-06 17:10:00,61.99824868651488,-1
77,1647,2020-01-06 17:15:00,62.07705779334501,-1
78,1648,2020-01-06 17:20:00,62.155866900175134,-1
79,1649,2020-01-06 17:25:00,62.23467600700526,-1
80,1650,2020-01-06 17:30:00,62.31348511383537,-1
81,1651,2020-01-06 17:35:00,62.3922942206655,-1
82,1652,2020-01-06 17:40:00,62.47110332749562,-1
83,1653,2020-01-06 17:45:00,62.54991243432575,-1
84,1654,2020-01-06 17:50:00,62.62872154115587,-1
85,1655,2020-01-06 17:55:00,62.70753064798599,-1
86,1656,2020-01-06 18:00:00,62.78633975481612,-1
87,1657,2020-01-06 18:05:00,62.86514886164623,-1
88,1658,2020-01-06 18:10:00,62.943957968476354,-1
89,1659,2020-01-06 18:15:00,63.02276707530648,-1
90,1660,2020-01-06 18:20:00,63.10157618213661,-1
91,1661,2020-01-06 18:25:00,63.180385288966725,-1
92,1662,2020-01-06 18:30:00,63.25919439579685,-1
93,1663,2020-01-06 18:35:00,63.338003502626975,-1
94,1664,2020-01-06 18:40:00,63.41681260945709,-1
95,1665,2020-01-06 18:45:00,63.495621716287225,-1
96,1666,2020-01-06 18:50:00,63.57443082311734,-1
97,1667,2020-01-06 18:55:00,63.65323992994746,-1
98,1668,2020-01-06 19:00:00,63.73204903677758,-1
99,1669,2020-01-06 19:05:00,63.81085814360771,-1
100,1670,2020-01-06 19:10:00,63.88966725043783,-1
101,1671,2020-01-06 19:15:00,63.968476357267946,-1
102,1672,2020-01-06 19:20:00,63.4,-1
103,1673,2020-01-06 19:25:00,63.0,-1
104,1674,2020-01-06 19:30:00,62.83985765124555,-1
105,1675,2020-01-06 19:35:00,62.5729537366548,-1
106,1676,2020-01-06 19:40:00,62.30604982206405,-1
107,1677,2020-01-06 19:45:00,62.03914590747331,-1
108,1678,2020-01-06 19:50:00,61.77224199288256,-1
109,1679,2020-01-06 19:55:00,61.50533807829181,-1
110,1680,2020-01-06 20:00:00,61.23843416370107,-1
111,1681,2020-01-06 20:05:00,60.97153024911032,-1
112,1682,2020-01-06 20:10:00,60.70462633451957,-1
113,1683,2020-01-06 20:15:00,60.43772241992883,-1
114,1684,2020-01-06 20:20:00,60.17081850533808,-1
115,1685,2020-01-06 20:25:00,59.90391459074733,-1
116,1686,2020-01-06 20:30:00,59.63701067615658,-1
117,1687,2020-01-06 20:35:00,59.37010676156584,-1
118,1688,2020-01-06 20:40:00,59.10320284697509,-1
119,1689,2020-01-06 20:45:00,58.83629893238434,-1
120,1690,2020-01-06 20:50:00,58.56939501779359,-1
121,1691,2020-01-06 20:55:00,58.30249110320285,-1
122,1692,2020-01-06 21:00:00,58.0355871886121,-1
123,1813,2020-01-07 07:05:00,59.2,-1
124,1814,2020-01-07 07:10:00,59.2,-1
125,2057,2020-01-08 03:25:00,60.4,-1
126,2084,2020-01-08 05:40:00,42.6,-1
127,2085,2020-01-08 05:45:00,42.8,-1
128,2225,2020-01-08 17:25:00,57.96390977443609,-1
129,2226,2020-01-08 17:30:00,58.06165413533834,-1
130,2227,2020-01-08 17:35:00,58.1593984962406,-1
131,2228,2020-01-08 17:40:00,58.25714285714285,-1
132,2229,2020-01-08 17:45:00,58.35488721804511,-1
133,2230,2020-01-08 17:50:00,58.45263157894736,-1
134,2231,2020-01-08 17:55:00,58.550375939849616,-1
135,2232,2020-01-08 18:00:00,58.64812030075189,-1
136,2233,2020-01-08 18:05:00,58.74586466165414,-1
137,2234,2020-01-08 18:10:00,58.84360902255639,-1
138,2235,2020-01-08 18:15:00,58.94135338345865,-1
139,2236,2020-01-08 18:20:00,58.2,-1
140,2299,2020-01-08 23:35:00,58.2,-1
141,2302,2020-01-08 23:50:00,59.8,-1
142,2303,2020-01-08 23:55:00,60.6,-1
143,2304,2020-01-09 00:00:00,59.6,-1
144,2305,2020-01-09 00:05:00,59.4,-1
145,2306,2020-01-09 00:10:00,60.4,-1
146,2307,2020-01-09 00:15:00,61.0,-1
147,2308,2020-01-09 00:20:00,61.0,-1
148,2309,2020-01-09 00:25:00,60.2,-1
149,2312,2020-01-09 00:40:00,62.4,-1
150,2313,2020-01-09 00:45:00,65.6,-1
151,2314,2020-01-09 00:50:00,63.8,-1
152,2315,2020-01-09 00:55:00,61.6,-1
153,2316,2020-01-09 01:00:00,60.2,-1
154,2333,2020-01-09 02:25:00,58.4,-1
155,2334,2020-01-09 02:30:00,61.2,-1
156,2335,2020-01-09 02:35:00,58.4,-1
157,2338,2020-01-09 02:50:00,58.0,-1
158,2339,2020-01-09 02:55:00,58.0,-1
159,2346,2020-01-09 03:30:00,59.2,-1
160,2347,2020-01-09 03:35:00,67.0,-1
161,2348,2020-01-09 03:40:00,67.0,-1
162,2349,2020-01-09 03:45:00,61.8,-1
163,2350,2020-01-09 03:50:00,58.0,-1
164,2351,2020-01-09 03:55:00,64.0,-1
165,2352,2020-01-09 04:00:00,59.2,-1
166,2368,2020-01-09 05:20:00,61.4,-1
167,2369,2020-01-09 05:25:00,61.6,-1
168,2370,2020-01-09 05:30:00,58.2,-1
169,2386,2020-01-09 06:50:00,59.0,-1
170,2406,2020-01-09 08:30:00,59.0,-1
171,2407,2020-01-09 08:35:00,59.0,-1
172,2410,2020-01-09 08:50:00,63.0,-1
173,2411,2020-01-09 08:55:00,63.0,-1
174,2412,2020-01-09 09:00:00,63.0,-1
175,2413,2020-01-09 09:05:00,63.0,-1
176,2414,2020-01-09 09:10:00,63.0,-1
177,2415,2020-01-09 09:15:00,63.0,-1
178,2416,2020-01-09 09:20:00,63.0,-1
179,2417,2020-01-09 09:25:00,63.0,-1
180,2418,2020-01-09 09:30:00,63.0,-1
181,2419,2020-01-09 09:35:00,63.0,-1
182,2420,2020-01-09 09:40:00,61.8,-1
183,2610,2020-01-10 01:30:00,59.6,-1
184,2611,2020-01-10 01:35:00,61.4,-1
185,2612,2020-01-10 01:40:00,64.6,-1
186,2613,2020-01-10 01:45:00,60.4,-1
187,2668,2020-01-10 06:20:00,42.6,-1
188,3193,2020-01-12 02:05:00,63.0,-1
189,3194,2020-01-12 02:10:00,58.4,-1
190,3212,2020-01-12 03:40:00,58.0,-1
191,3213,2020-01-12 03:45:00,58.0,-1
192,3488,2020-01-13 02:40:00,60.0,-1
193,3489,2020-01-13 02:45:00,58.8,-1
194,3490,2020-01-13 02:50:00,58.2,-1
195,3520,2020-01-13 05:20:00,59.4,-1
196,3719,2020-01-13 21:55:00,57.92978482446206,-1
197,3720,2020-01-13 22:00:00,58.01472253680633,-1
198,3721,2020-01-13 22:05:00,58.099660249150624,-1
199,3722,2020-01-13 22:10:00,58.18459796149491,-1
200,3723,2020-01-13 22:15:00,58.26953567383919,-1
201,3724,2020-01-13 22:20:00,58.35447338618346,-1
202,3725,2020-01-13 22:25:00,58.43941109852774,-1
203,3726,2020-01-13 22:30:00,58.52434881087203,-1
204,3727,2020-01-13 22:35:00,58.60928652321631,-1
205,3728,2020-01-13 22:40:00,58.69422423556059,-1
206,3729,2020-01-13 22:45:00,58.77916194790487,-1
207,3730,2020-01-13 22:50:00,58.864099660249146,-1
208,3731,2020-01-13 22:55:00,58.94903737259343,-1
209,3732,2020-01-13 23:00:00,59.0,-1
210,3733,2020-01-13 23:05:00,59.0,-1
211,3734,2020-01-13 23:10:00,59.0,-1
212,3735,2020-01-13 23:15:00,59.0,-1
213,3736,2020-01-13 23:20:00,59.0,-1
214,3737,2020-01-13 23:25:00,59.0,-1
215,3738,2020-01-13 23:30:00,59.0,-1
216,3739,2020-01-13 23:35:00,59.0,-1
217,3740,2020-01-13 23:40:00,59.0,-1
218,3741,2020-01-13 23:45:00,59.0,-1
219,3742,2020-01-13 23:50:00,59.0,-1
220,3743,2020-01-13 23:55:00,58.2,-1
221,3744,2020-01-14 00:00:00,58.2,-1
222,3745,2020-01-14 00:05:00,60.0,-1
223,3759,2020-01-14 01:15:00,60.4,-1
224,3760,2020-01-14 01:20:00,62.8,-1
225,3761,2020-01-14 01:25:00,59.4,-1
226,3775,2020-01-14 02:35:00,58.8,-1
227,3994,2020-01-14 20:50:00,63.2,-1
228,3995,2020-01-14 20:55:00,65.0,-1
229,3996,2020-01-14 21:00:00,65.0,-1
230,3997,2020-01-14 21:05:00,64.2,-1
231,3998,2020-01-14 21:10:00,66.2,-1
232,3999,2020-01-14 21:15:00,67.0,-1
233,4000,2020-01-14 21:20:00,67.0,-1
234,4001,2020-01-14 21:25:00,67.0,-1
235,4002,2020-01-14 21:30:00,67.0,-1
236,4003,2020-01-14 21:35:00,67.0,-1
237,4004,2020-01-14 21:40:00,67.0,-1
238,4005,2020-01-14 21:45:00,67.0,-1
239,4006,2020-01-14 21:50:00,67.0,-1
240,4007,2020-01-14 21:55:00,67.0,-1
241,4008,2020-01-14 22:00:00,67.0,-1
242,4009,2020-01-14 22:05:00,67.0,-1
243,4010,2020-01-14 22:10:00,67.0,-1
244,4011,2020-01-14 22:15:00,67.0,-1
245,4012,2020-01-14 22:20:00,67.0,-1
246,4013,2020-01-14 22:25:00,67.0,-1
247,4014,2020-01-14 22:30:00,67.0,-1
248,4015,2020-01-14 22:35:00,67.0,-1
249,4016,2020-01-14 22:40:00,67.0,-1
250,4017,2020-01-14 22:45:00,67.0,-1
251,4018,2020-01-14 22:50:00,67.0,-1
252,4019,2020-01-14 22:55:00,67.0,-1
253,4020,2020-01-14 23:00:00,67.0,-1
254,4021,2020-01-14 23:05:00,67.0,-1
255,4022,2020-01-14 23:10:00,67.0,-1
256,4023,2020-01-14 23:15:00,67.0,-1
257,4024,2020-01-14 23:20:00,67.0,-1
258,4025,2020-01-14 23:25:00,67.0,-1
259,4026,2020-01-14 23:30:00,61.0,-1
260,4040,2020-01-15 00:40:00,65.0,-1
261,4041,2020-01-15 00:45:00,62.2,-1
262,4055,2020-01-15 01:55:00,59.0,-1
263,4075,2020-01-15 03:35:00,58.8,-1
264,4347,2020-01-16 02:15:00,63.8,-1
265,4348,2020-01-16 02:20:00,61.0,-1
266,4383,2020-01-16 05:15:00,42.2,-1
267,4384,2020-01-16 05:20:00,41.8,-1
268,4397,2020-01-16 06:25:00,42.8,-1
269,4398,2020-01-16 06:30:00,41.0,-1
270,4399,2020-01-16 06:35:00,41.4,-1
271,4400,2020-01-16 06:40:00,42.4,-1
272,4417,2020-01-16 08:05:00,42.8,-1
273,4627,2020-01-17 01:35:00,58.2,-1
274,4643,2020-01-17 02:55:00,58.8,-1
275,4644,2020-01-17 03:00:00,59.4,-1
276,4707,2020-01-17 08:15:00,42.8,-1
277,4831,2020-01-17 18:35:00,57.90674846625767,-1
278,4832,2020-01-17 18:40:00,57.98036809815951,-1
279,4833,2020-01-17 18:45:00,58.05398773006135,-1
280,4834,2020-01-17 18:50:00,58.12760736196319,-1
281,4835,2020-01-17 18:55:00,58.20122699386504,-1
282,4836,2020-01-17 19:00:00,58.27484662576687,-1
283,4837,2020-01-17 19:05:00,58.34846625766871,-1
284,4838,2020-01-17 19:10:00,58.42208588957055,-1
285,4839,2020-01-17 19:15:00,58.4957055214724,-1
286,4840,2020-01-17 19:20:00,58.56932515337424,-1
287,4841,2020-01-17 19:25:00,58.64294478527607,-1
288,4842,2020-01-17 19:30:00,58.71656441717791,-1
289,4843,2020-01-17 19:35:00,58.79018404907976,-1
290,4844,2020-01-17 19:40:00,58.8638036809816,-1
291,4845,2020-01-17 19:45:00,58.93742331288344,-1
292,4846,2020-01-17 19:50:00,59.01104294478528,-1
293,4847,2020-01-17 19:55:00,59.08466257668712,-1
294,4848,2020-01-17 20:00:00,59.15828220858896,-1
295,4849,2020-01-17 20:05:00,59.2319018404908,-1
296,4850,2020-01-17 20:10:00,59.30552147239264,-1
297,4851,2020-01-17 20:15:00,59.37914110429448,-1
298,4852,2020-01-17 20:20:00,59.45276073619632,-1
299,4853,2020-01-17 20:25:00,59.52638036809816,-1
300,4854,2020-01-17 20:30:00,59.6,-1
301,4855,2020-01-17 20:35:00,59.67361963190184,-1
302,4856,2020-01-17 20:40:00,59.74723926380368,-1
303,4857,2020-01-17 20:45:00,59.82085889570552,-1
304,4858,2020-01-17 20:50:00,59.89447852760736,-1
305,4859,2020-01-17 20:55:00,59.9680981595092,-1
306,4860,2020-01-17 21:00:00,60.041717791411045,-1
307,4861,2020-01-17 21:05:00,60.11533742331288,-1
308,4862,2020-01-17 21:10:00,60.18895705521472,-1
309,4863,2020-01-17 21:15:00,60.26257668711656,-1
310,4864,2020-01-17 21:20:00,60.336196319018406,-1
311,4865,2020-01-17 21:25:00,60.40981595092025,-1
312,4866,2020-01-17 21:30:00,60.48343558282208,-1
313,4867,2020-01-17 21:35:00,60.55705521472392,-1
314,4868,2020-01-17 21:40:00,60.630674846625766,-1
315,4869,2020-01-17 21:45:00,60.70429447852761,-1
316,4870,2020-01-17 21:50:00,60.77791411042945,-1
317,4871,2020-01-17 21:55:00,60.85153374233128,-1
318,4872,2020-01-17 22:00:00,60.925153374233126,-1
319,4873,2020-01-17 22:05:00,60.99877300613497,-1
320,4874,2020-01-17 22:10:00,61.07239263803681,-1
321,4875,2020-01-17 22:15:00,61.14601226993865,-1
322,4876,2020-01-17 22:20:00,61.219631901840486,-1
323,4877,2020-01-17 22:25:00,61.29325153374233,-1
324,4878,2020-01-17 22:30:00,61.36687116564417,-1
325,4879,2020-01-17 22:35:00,61.44049079754601,-1
326,4880,2020-01-17 22:40:00,61.514110429447854,-1
327,4881,2020-01-17 22:45:00,61.58773006134969,-1
328,4882,2020-01-17 22:50:00,61.66134969325153,-1
329,4883,2020-01-17 22:55:00,61.73496932515337,-1
330,4884,2020-01-17 23:00:00,61.808588957055214,-1
331,4885,2020-01-17 23:05:00,61.88220858895706,-1
332,4886,2020-01-17 23:10:00,61.95582822085889,-1
333,4887,2020-01-17 23:15:00,63.6,-1
334,4888,2020-01-17 23:20:00,65.6,-1
335,4889,2020-01-17 23:25:00,65.4,-1
336,4890,2020-01-17 23:30:00,66.8,-1
337,4891,2020-01-17 23:35:00,66.8,-1
338,4892,2020-01-17 23:40:00,64.5,-1
339,4893,2020-01-17 23:45:00,65.2,-1
340,4894,2020-01-17 23:50:00,64.8,-1
341,4895,2020-01-17 23:55:00,64.0,-1
342,4896,2020-01-18 00:00:00,64.0,-1
343,4897,2020-01-18 00:05:00,64.0,-1
344,4898,2020-01-18 00:10:00,64.0,-1
345,4899,2020-01-18 00:15:00,64.0,-1
346,4900,2020-01-18 00:20:00,64.0,-1
347,4901,2020-01-18 00:25:00,61.0,-1
348,4902,2020-01-18 00:30:00,58.0,-1
349,4903,2020-01-18 00:35:00,59.6,-1
350,4904,2020-01-18 00:40:00,60.0,-1
351,4907,2020-01-18 00:55:00,59.0,-1
352,4908,2020-01-18 01:00:00,59.0,-1
353,4909,2020-01-18 01:05:00,59.0,-1
354,4910,2020-01-18 01:10:00,59.0,-1
355,4911,2020-01-18 01:15:00,59.0,-1
356,4912,2020-01-18 01:20:00,59.0,-1
357,4923,2020-01-18 02:15:00,59.2,-1
358,4924,2020-01-18 02:20:00,61.8,-1
359,4925,2020-01-18 02:25:00,62.6,-1
360,4926,2020-01-18 02:30:00,60.4,-1
361,4945,2020-01-18 04:05:00,58.4,-1
362,4946,2020-01-18 04:10:00,64.0,-1
363,4947,2020-01-18 04:15:00,65.0,-1
364,4948,2020-01-18 04:20:00,60.8,-1
365,4949,2020-01-18 04:25:00,59.8,-1
366,4950,2020-01-18 04:30:00,61.0,-1
367,4951,2020-01-18 04:35:00,61.8,-1
368,4952,2020-01-18 04:40:00,61.4,-1
369,4953,2020-01-18 04:45:00,59.4,-1
370,4954,2020-01-18 04:50:00,58.0,-1
371,4970,2020-01-18 06:10:00,59.4,-1
372,5467,2020-01-19 23:35:00,58.6,-1
373,5468,2020-01-19 23:40:00,58.0,-1
374,5469,2020-01-19 23:45:00,58.0,-1
375,5470,2020-01-19 23:50:00,60.0,-1
376,5471,2020-01-19 23:55:00,61.4,-1
377,5472,2020-01-20 00:00:00,59.4,-1
378,5473,2020-01-20 00:05:00,59.6,-1
379,5474,2020-01-20 00:10:00,59.8,-1
380,5475,2020-01-20 00:15:00,59.4,-1
381,5498,2020-01-20 02:10:00,59.4,-1
382,5499,2020-01-20 02:15:00,61.6,-1
383,5500,2020-01-20 02:20:00,62.0,-1
384,5519,2020-01-20 03:55:00,60.4,-1
385,5520,2020-01-20 04:00:00,60.2,-1
386,5542,2020-01-20 05:50:00,58.6,-1
387,5729,2020-01-20 21:25:00,61.4,-1
388,5730,2020-01-20 21:30:00,65.0,-1
389,5731,2020-01-20 21:35:00,65.0,-1
390,5732,2020-01-20 21:40:00,65.0,-1
391,5733,2020-01-20 21:45:00,65.0,-1
392,5734,2020-01-20 21:50:00,65.0,-1
393,5735,2020-01-20 21:55:00,65.0,-1
394,5736,2020-01-20 22:00:00,65.0,-1
395,5737,2020-01-20 22:05:00,65.0,-1
396,5738,2020-01-20 22:10:00,65.0,-1
397,5739,2020-01-20 22:15:00,65.0,-1
398,5740,2020-01-20 22:20:00,65.0,-1
399,5741,2020-01-20 22:25:00,65.0,-1
400,5742,2020-01-20 22:30:00,65.0,-1
401,5743,2020-01-20 22:35:00,65.0,-1
402,5744,2020-01-20 22:40:00,65.0,-1
403,5745,2020-01-20 22:45:00,65.0,-1
404,5746,2020-01-20 22:50:00,65.0,-1
405,5747,2020-01-20 22:55:00,65.0,-1
406,5748,2020-01-20 23:00:00,65.0,-1
407,5749,2020-01-20 23:05:00,65.0,-1
408,5750,2020-01-20 23:10:00,65.0,-1
409,5751,2020-01-20 23:15:00,65.0,-1
410,5752,2020-01-20 23:20:00,65.0,-1
411,5753,2020-01-20 23:25:00,65.0,-1
412,5754,2020-01-20 23:30:00,65.0,-1
413,5755,2020-01-20 23:35:00,65.0,-1
414,5756,2020-01-20 23:40:00,60.2,-1
415,5786,2020-01-21 02:10:00,59.0,-1
416,5804,2020-01-21 03:40:00,59.2,-1
417,6061,2020-01-22 01:05:00,62.0,-1
418,6062,2020-01-22 01:10:00,64.2,-1
419,6063,2020-01-22 01:15:00,61.4,-1
420,6081,2020-01-22 02:45:00,61.8,-1
421,6082,2020-01-22 02:50:00,61.8,-1
422,6083,2020-01-22 02:55:00,58.4,-1
423,6138,2020-01-22 07:30:00,59.0,-1
424,6288,2020-01-22 20:00:00,57.88149134487351,-1
425,6289,2020-01-22 20:05:00,57.9214380825566,-1
426,6290,2020-01-22 20:10:00,57.96138482023967,-1
427,6291,2020-01-22 20:15:00,58.00133155792277,-1
428,6292,2020-01-22 20:20:00,58.041278295605856,-1
429,6293,2020-01-22 20:25:00,58.08122503328896,-1
430,6294,2020-01-22 20:30:00,58.12117177097203,-1
431,6295,2020-01-22 20:35:00,58.16111850865512,-1
432,6296,2020-01-22 20:40:00,58.20106524633822,-1
433,6297,2020-01-22 20:45:00,58.241011984021306,-1
434,6298,2020-01-22 20:50:00,58.2809587217044,-1
435,6299,2020-01-22 20:55:00,58.32090545938748,-1
436,6300,2020-01-22 21:00:00,58.36085219707057,-1
437,6301,2020-01-22 21:05:00,58.40079893475367,-1
438,6302,2020-01-22 21:10:00,58.44074567243676,-1
439,6303,2020-01-22 21:15:00,58.48069241011984,-1
440,6304,2020-01-22 21:20:00,58.52063914780293,-1
441,6305,2020-01-22 21:25:00,58.56058588548602,-1
442,6306,2020-01-22 21:30:00,58.60053262316912,-1
443,6307,2020-01-22 21:35:00,58.64047936085221,-1
444,6308,2020-01-22 21:40:00,58.68042609853528,-1
445,6309,2020-01-22 21:45:00,58.72037283621837,-1
446,6310,2020-01-22 21:50:00,58.76031957390146,-1
447,6311,2020-01-22 21:55:00,58.80026631158455,-1
448,6312,2020-01-22 22:00:00,58.84021304926764,-1
449,6313,2020-01-22 22:05:00,58.88015978695073,-1
450,6314,2020-01-22 22:10:00,58.92010652463382,-1
451,6315,2020-01-22 22:15:00,58.96005326231691,-1
452,6316,2020-01-22 22:20:00,58.99520639147803,-1
453,6317,2020-01-22 22:25:00,59.0,-1
454,6318,2020-01-22 22:30:00,59.0,-1
455,6319,2020-01-22 22:35:00,59.0,-1
456,6320,2020-01-22 22:40:00,59.0,-1
457,6321,2020-01-22 22:45:00,59.0,-1
458,6322,2020-01-22 22:50:00,58.52,-1
459,6645,2020-01-24 01:45:00,59.6,-1
460,6664,2020-01-24 03:20:00,60.6,-1
461,6680,2020-01-24 04:40:00,59.4,-1
462,6854,2020-01-24 19:10:00,57.91063829787233,-1
463,6855,2020-01-24 19:15:00,57.97978723404256,-1
464,6856,2020-01-24 19:20:00,58.04893617021277,-1
465,6857,2020-01-24 19:25:00,58.11808510638298,-1
466,6858,2020-01-24 19:30:00,58.18723404255319,-1
467,6859,2020-01-24 19:35:00,58.2563829787234,-1
468,6860,2020-01-24 19:40:00,58.32553191489362,-1
469,6861,2020-01-24 19:45:00,58.39468085106383,-1
470,6862,2020-01-24 19:50:00,58.46382978723405,-1
471,6863,2020-01-24 19:55:00,58.532978723404256,-1
472,6864,2020-01-24 20:00:00,58.602127659574464,-1
473,6865,2020-01-24 20:05:00,58.67127659574468,-1
474,6866,2020-01-24 20:10:00,58.74042553191489,-1
475,6867,2020-01-24 20:15:00,58.80957446808511,-1
476,6868,2020-01-24 20:20:00,58.878723404255325,-1
477,6869,2020-01-24 20:25:00,58.94787234042553,-1
478,6870,2020-01-24 20:30:00,59.01702127659574,-1
479,6871,2020-01-24 20:35:00,59.08617021276596,-1
480,6872,2020-01-24 20:40:00,59.155319148936165,-1
481,6873,2020-01-24 20:45:00,59.22446808510638,-1
482,6874,2020-01-24 20:50:00,59.2936170212766,-1
483,6875,2020-01-24 20:55:00,59.36276595744681,-1
484,6876,2020-01-24 21:00:00,59.43191489361702,-1
485,6877,2020-01-24 21:05:00,59.50106382978724,-1
486,6878,2020-01-24 21:10:00,59.57021276595744,-1
487,6879,2020-01-24 21:15:00,59.63936170212766,-1
488,6880,2020-01-24 21:20:00,59.70851063829787,-1
489,6881,2020-01-24 21:25:00,59.77765957446809,-1
490,6882,2020-01-24 21:30:00,59.8468085106383,-1
491,6883,2020-01-24 21:35:00,59.91595744680851,-1
492,6884,2020-01-24 21:40:00,59.98510638297872,-1
493,6885,2020-01-24 21:45:00,60.054255319148936,-1
494,6886,2020-01-24 21:50:00,60.12340425531914,-1
495,6887,2020-01-24 21:55:00,60.19255319148937,-1
496,6888,2020-01-24 22:00:00,60.261702127659575,-1
497,6889,2020-01-24 22:05:00,60.33085106382979,-1
498,6890,2020-01-24 22:10:00,60.4,-1
499,6891,2020-01-24 22:15:00,60.46914893617021,-1
500,6892,2020-01-24 22:20:00,60.53829787234042,-1
501,6893,2020-01-24 22:25:00,60.607446808510645,-1
502,6894,2020-01-24 22:30:00,60.67659574468085,-1
503,6895,2020-01-24 22:35:00,60.74574468085107,-1
504,6896,2020-01-24 22:40:00,60.81489361702128,-1
505,6897,2020-01-24 22:45:00,60.88404255319149,-1
506,6898,2020-01-24 22:50:00,60.9531914893617,-1
507,6899,2020-01-24 22:55:00,61.02234042553191,-1
508,6900,2020-01-24 23:00:00,61.09148936170213,-1
509,6901,2020-01-24 23:05:00,61.16063829787233,-1
510,6902,2020-01-24 23:10:00,61.22978723404256,-1
511,6903,2020-01-24 23:15:00,61.29893617021277,-1
512,6904,2020-01-24 23:20:00,61.36808510638298,-1
513,6905,2020-01-24 23:25:00,61.43723404255319,-1
514,6906,2020-01-24 23:30:00,61.5063829787234,-1
515,6907,2020-01-24 23:35:00,61.57553191489362,-1
516,6908,2020-01-24 23:40:00,61.64468085106383,-1
517,6909,2020-01-24 23:45:00,61.71382978723405,-1
518,6910,2020-01-24 23:50:00,61.782978723404256,-1
519,6911,2020-01-24 23:55:00,61.852127659574464,-1
520,6912,2020-01-25 00:00:00,61.92127659574468,-1
521,6913,2020-01-25 00:05:00,61.99042553191489,-1
522,6914,2020-01-25 00:10:00,62.05957446808511,-1
523,6915,2020-01-25 00:15:00,62.128723404255325,-1
524,6916,2020-01-25 00:20:00,62.19787234042553,-1
525,6917,2020-01-25 00:25:00,62.26702127659574,-1
526,6918,2020-01-25 00:30:00,62.33617021276596,-1
527,6919,2020-01-25 00:35:00,62.405319148936165,-1
528,6920,2020-01-25 00:40:00,62.47446808510638,-1
529,6921,2020-01-25 00:45:00,62.5436170212766,-1
530,6922,2020-01-25 00:50:00,62.61276595744681,-1
531,6923,2020-01-25 00:55:00,62.68191489361702,-1
532,6924,2020-01-25 01:00:00,62.75106382978724,-1
533,6925,2020-01-25 01:05:00,62.82021276595744,-1
534,6926,2020-01-25 01:10:00,62.88936170212766,-1
535,6927,2020-01-25 01:15:00,62.95851063829787,-1
536,6928,2020-01-25 01:20:00,61.0,-1
537,6929,2020-01-25 01:25:00,58.8,-1
538,6930,2020-01-25 01:30:00,58.8,-1
539,6937,2020-01-25 02:05:00,63.0,-1
540,6938,2020-01-25 02:10:00,67.0,-1
541,6939,2020-01-25 02:15:00,61.2,-1
542,6954,2020-01-25 03:30:00,60.6,-1
543,6955,2020-01-25 03:35:00,66.4,-1
544,6956,2020-01-25 03:40:00,65.8,-1
545,6957,2020-01-25 03:45:00,63.2,-1
546,6958,2020-01-25 03:50:00,60.8,-1
547,6964,2020-01-25 04:20:00,58.8,-1
548,6965,2020-01-25 04:25:00,58.0,-1
549,6974,2020-01-25 05:10:00,62.8,-1
550,6975,2020-01-25 05:15:00,65.0,-1
551,6976,2020-01-25 05:20:00,60.0,-1
552,7202,2020-01-26 00:10:00,60.6,-1
553,7203,2020-01-26 00:15:00,58.4,-1
554,7215,2020-01-26 01:15:00,59.2,-1
555,7216,2020-01-26 01:20:00,59.0,-1
556,7268,2020-01-26 05:40:00,58.4,-1
557,7482,2020-01-26 23:30:00,60.2,-1
558,7483,2020-01-26 23:35:00,58.8,-1
559,7492,2020-01-27 00:20:00,59.0,-1
560,7499,2020-01-27 00:55:00,62.4,-1
561,7500,2020-01-27 01:00:00,68.2,-1
562,7501,2020-01-27 01:05:00,66.6,-1
563,7502,2020-01-27 01:10:00,64.4,-1
564,7503,2020-01-27 01:15:00,61.2,-1
565,7516,2020-01-27 02:20:00,59.4,-1
566,7547,2020-01-27 04:55:00,58.0,-1
567,7548,2020-01-27 05:00:00,58.4,-1
568,7563,2020-01-27 06:15:00,58.4,-1
569,7785,2020-01-28 00:45:00,58.2,-1
570,7786,2020-01-28 00:50:00,58.0,-1
571,7800,2020-01-28 02:00:00,60.6,-1
572,7801,2020-01-28 02:05:00,58.6,-1
573,8096,2020-01-29 02:40:00,58.0,-1
574,8097,2020-01-29 02:45:00,58.0,-1
575,8127,2020-01-29 05:15:00,61.2,-1
576,8128,2020-01-29 05:20:00,61.0,-1
577,8171,2020-01-29 08:55:00,59.6,-1
578,8172,2020-01-29 09:00:00,62.0,-1
579,8173,2020-01-29 09:05:00,62.0,-1
580,8174,2020-01-29 09:10:00,59.2,-1
581,8269,2020-01-29 17:05:00,57.88631578947368,-1
582,8270,2020-01-29 17:10:00,57.91789473684211,-1
583,8271,2020-01-29 17:15:00,57.94947368421053,-1
584,8272,2020-01-29 17:20:00,57.98105263157895,-1
585,8273,2020-01-29 17:25:00,58.01263157894736,-1
586,8274,2020-01-29 17:30:00,58.044210526315794,-1
587,8275,2020-01-29 17:35:00,58.07578947368421,-1
588,8276,2020-01-29 17:40:00,58.10736842105264,-1
589,8277,2020-01-29 17:45:00,58.13894736842106,-1
590,8278,2020-01-29 17:50:00,58.17052631578947,-1
591,8279,2020-01-29 17:55:00,58.2021052631579,-1
592,8280,2020-01-29 18:00:00,58.23368421052631,-1
593,8281,2020-01-29 18:05:00,58.26526315789474,-1
594,8282,2020-01-29 18:10:00,58.29684210526316,-1
595,8283,2020-01-29 18:15:00,58.328421052631576,-1
596,8284,2020-01-29 18:20:00,58.36,-1
597,8285,2020-01-29 18:25:00,58.391578947368416,-1
598,8286,2020-01-29 18:30:00,58.423157894736846,-1
599,8287,2020-01-29 18:35:00,58.45473684210526,-1
600,8288,2020-01-29 18:40:00,58.48631578947368,-1
601,8289,2020-01-29 18:45:00,58.51789473684211,-1
602,8290,2020-01-29 18:50:00,58.54947368421053,-1
603,8291,2020-01-29 18:55:00,58.58105263157895,-1
604,8292,2020-01-29 19:00:00,58.612631578947365,-1
605,8293,2020-01-29 19:05:00,58.64421052631578,-1
606,8294,2020-01-29 19:10:00,58.67578947368421,-1
607,8295,2020-01-29 19:15:00,58.70736842105264,-1
608,8296,2020-01-29 19:20:00,58.73894736842105,-1
609,8297,2020-01-29 19:25:00,58.77052631578947,-1
610,8298,2020-01-29 19:30:00,58.8021052631579,-1
611,8299,2020-01-29 19:35:00,58.83368421052632,-1
612,8300,2020-01-29 19:40:00,58.865263157894745,-1
613,8301,2020-01-29 19:45:00,58.89684210526316,-1
614,8302,2020-01-29 19:50:00,58.92842105263158,-1
615,8303,2020-01-29 19:55:00,58.96,-1
616,8304,2020-01-29 20:00:00,58.99157894736842,-1
617,8305,2020-01-29 20:05:00,59.02315789473685,-1
618,8306,2020-01-29 20:10:00,59.054736842105264,-1
619,8307,2020-01-29 20:15:00,59.08631578947368,-1
620,8308,2020-01-29 20:20:00,59.1178947368421,-1
621,8309,2020-01-29 20:25:00,59.14947368421053,-1
622,8310,2020-01-29 20:30:00,59.18105263157895,-1
623,8311,2020-01-29 20:35:00,59.21263157894737,-1
624,8312,2020-01-29 20:40:00,59.2442105263158,-1
625,8313,2020-01-29 20:45:00,59.27578947368421,-1
626,8314,2020-01-29 20:50:00,59.30736842105264,-1
627,8315,2020-01-29 20:55:00,59.33894736842105,-1
628,8316,2020-01-29 21:00:00,59.37052631578947,-1
629,8317,2020-01-29 21:05:00,59.4021052631579,-1
630,8318,2020-01-29 21:10:00,59.43368421052632,-1
631,8319,2020-01-29 21:15:00,59.46526315789474,-1
632,8320,2020-01-29 21:20:00,59.49684210526316,-1
633,8321,2020-01-29 21:25:00,59.52842105263157,-1
634,8322,2020-01-29 21:30:00,59.56,-1
635,8323,2020-01-29 21:35:00,59.59157894736842,-1
636,8324,2020-01-29 21:40:00,59.62315789473685,-1
637,8325,2020-01-29 21:45:00,59.65473684210527,-1
638,8326,2020-01-29 21:50:00,59.68631578947368,-1
639,8327,2020-01-29 21:55:00,59.717894736842105,-1
640,8328,2020-01-29 22:00:00,59.74947368421052,-1
641,8329,2020-01-29 22:05:00,59.78105263157895,-1
642,8330,2020-01-29 22:10:00,59.81263157894737,-1
643,8331,2020-01-29 22:15:00,59.84421052631579,-1
644,8332,2020-01-29 22:20:00,59.87578947368421,-1
645,8333,2020-01-29 22:25:00,59.907368421052624,-1
646,8334,2020-01-29 22:30:00,59.938947368421054,-1
647,8335,2020-01-29 22:35:00,59.97052631578947,-1
648,8336,2020-01-29 22:40:00,60.0021052631579,-1
649,8337,2020-01-29 22:45:00,60.03368421052632,-1
650,8338,2020-01-29 22:50:00,60.065263157894734,-1
651,8339,2020-01-29 22:55:00,60.09684210526316,-1
652,8340,2020-01-29 23:00:00,60.12842105263157,-1
653,8341,2020-01-29 23:05:00,60.16,-1
654,8342,2020-01-29 23:10:00,60.19157894736842,-1
655,8343,2020-01-29 23:15:00,60.22315789473684,-1
656,8344,2020-01-29 23:20:00,60.25473684210526,-1
657,8345,2020-01-29 23:25:00,60.28631578947368,-1
658,8346,2020-01-29 23:30:00,60.317894736842106,-1
659,8347,2020-01-29 23:35:00,60.34947368421052,-1
660,8348,2020-01-29 23:40:00,60.38105263157895,-1
661,8349,2020-01-29 23:45:00,60.41263157894737,-1
662,8350,2020-01-29 23:50:00,60.44421052631579,-1
663,8351,2020-01-29 23:55:00,60.47578947368421,-1
664,8352,2020-01-30 00:00:00,60.50736842105264,-1
665,8353,2020-01-30 00:05:00,60.538947368421056,-1
666,8354,2020-01-30 00:10:00,60.57052631578947,-1
667,8355,2020-01-30 00:15:00,60.602105263157895,-1
668,8356,2020-01-30 00:20:00,60.63368421052631,-1
669,8357,2020-01-30 00:25:00,60.66526315789474,-1
670,8358,2020-01-30 00:30:00,60.69684210526316,-1
671,8359,2020-01-30 00:35:00,60.728421052631575,-1
672,8360,2020-01-30 00:40:00,60.760000000000005,-1
673,8361,2020-01-30 00:45:00,60.79157894736842,-1
674,8362,2020-01-30 00:50:00,60.823157894736845,-1
675,8363,2020-01-30 00:55:00,60.85473684210526,-1
676,8364,2020-01-30 01:00:00,60.88631578947368,-1
677,8365,2020-01-30 01:05:00,60.91789473684211,-1
678,8366,2020-01-30 01:10:00,60.94947368421053,-1
679,8367,2020-01-30 01:15:00,60.98105263157895,-1
680,8379,2020-01-30 02:15:00,62.8,-1
681,8380,2020-01-30 02:20:00,64.0,-1
682,8381,2020-01-30 02:25:00,62.4,-1
683,8382,2020-01-30 02:30:00,60.8,-1
684,8383,2020-01-30 02:35:00,60.0,-1
685,8399,2020-01-30 03:55:00,58.4,-1
686,8642,2020-01-31 00:10:00,42.0,-1
687,8643,2020-01-31 00:15:00,41.6,-1
688,8644,2020-01-31 00:20:00,41.0,-1
689,8645,2020-01-31 00:25:00,41.0,-1
690,8646,2020-01-31 00:30:00,41.4,-1
691,8647,2020-01-31 00:35:00,42.0,-1
692,8648,2020-01-31 00:40:00,42.0,-1
693,8649,2020-01-31 00:45:00,41.6,-1
694,8650,2020-01-31 00:50:00,41.4,-1
695,8685,2020-01-31 03:45:00,42.6,-1
696,8686,2020-01-31 03:50:00,42.8,-1
697,8935,2020-02-01 00:35:00,42.6,-1
698,8936,2020-02-01 00:40:00,42.4,-1
699,8945,2020-02-01 01:25:00,42.6,-1
700,8955,2020-02-01 02:15:00,42.6,-1
701,8956,2020-02-01 02:20:00,42.0,-1
702,8957,2020-02-01 02:25:00,42.0,-1
703,8958,2020-02-01 02:30:00,42.0,-1
704,8959,2020-02-01 02:35:00,42.0,-1
705,8960,2020-02-01 02:40:00,42.4,-1
706,8978,2020-02-01 04:10:00,42.6,-1
707,8979,2020-02-01 04:15:00,42.0,-1
708,8980,2020-02-01 04:20:00,42.4,-1
709,9000,2020-02-01 06:00:00,42.6,-1
710,9001,2020-02-01 06:05:00,42.8,-1
711,9022,2020-02-01 07:50:00,42.0,-1
712,9023,2020-02-01 07:55:00,42.8,-1
713,9024,2020-02-01 08:00:00,42.8,-1
714,9025,2020-02-01 08:05:00,41.4,-1
715,9026,2020-02-01 08:10:00,41.6,-1
716,9027,2020-02-01 08:15:00,41.0,-1
717,9028,2020-02-01 08:20:00,41.4,-1
718,9029,2020-02-01 08:25:00,42.0,-1
719,9030,2020-02-01 08:30:00,42.4,-1
720,9231,2020-02-02 01:15:00,58.0,-1
721,9232,2020-02-02 01:20:00,61.6,-1
722,9233,2020-02-02 01:25:00,64.6,-1
723,9234,2020-02-02 01:30:00,61.0,-1
724,9235,2020-02-02 01:35:00,60.6,-1
725,9253,2020-02-02 03:05:00,60.8,-1
726,9302,2020-02-02 07:10:00,42.4,-1
727,9329,2020-02-02 09:25:00,42.96,-1
728,9330,2020-02-02 09:30:00,42.44,-1
729,9767,2020-02-03 21:55:00,57.91489361702128,-1
730,9768,2020-02-03 22:00:00,57.98581560283687,-1
731,9769,2020-02-03 22:05:00,58.05673758865248,-1
732,9770,2020-02-03 22:10:00,58.12765957446808,-1
733,9771,2020-02-03 22:15:00,58.198581560283685,-1
734,9772,2020-02-03 22:20:00,58.26950354609928,-1
735,9773,2020-02-03 22:25:00,58.34042553191489,-1
736,9774,2020-02-03 22:30:00,58.4113475177305,-1
737,9775,2020-02-03 22:35:00,58.48226950354611,-1
738,9776,2020-02-03 22:40:00,58.5531914893617,-1
739,9777,2020-02-03 22:45:00,58.624113475177296,-1
740,9778,2020-02-03 22:50:00,58.695035460992905,-1
741,9779,2020-02-03 22:55:00,58.765957446808514,-1
742,9780,2020-02-03 23:00:00,58.83687943262412,-1
743,9781,2020-02-03 23:05:00,58.90780141843972,-1
744,9782,2020-02-03 23:10:00,58.97872340425532,-1
745,9783,2020-02-03 23:15:00,59.04964539007092,-1
746,9784,2020-02-03 23:20:00,59.12056737588652,-1
747,9785,2020-02-03 23:25:00,59.191489361702125,-1
748,9786,2020-02-03 23:30:00,59.26241134751773,-1
749,9787,2020-02-03 23:35:00,59.33333333333333,-1
750,9788,2020-02-03 23:40:00,59.40425531914893,-1
751,9789,2020-02-03 23:45:00,59.47517730496454,-1
752,9790,2020-02-03 23:50:00,59.54609929078013,-1
753,9791,2020-02-03 23:55:00,59.61702127659574,-1
754,9792,2020-02-04 00:00:00,59.68794326241135,-1
755,9793,2020-02-04 00:05:00,59.75886524822696,-1
756,9794,2020-02-04 00:10:00,59.82978723404257,-1
757,9795,2020-02-04 00:15:00,59.900709219858165,-1
758,9796,2020-02-04 00:20:00,59.97163120567376,-1
759,9797,2020-02-04 00:25:00,60.04255319148936,-1
760,9798,2020-02-04 00:30:00,60.11347517730496,-1
761,9799,2020-02-04 00:35:00,60.18439716312056,-1
762,9800,2020-02-04 00:40:00,60.25531914893617,-1
763,9801,2020-02-04 00:45:00,60.326241134751776,-1
764,9802,2020-02-04 00:50:00,60.39716312056738,-1
765,9803,2020-02-04 00:55:00,60.46808510638298,-1
766,9804,2020-02-04 01:00:00,60.53900709219859,-1
767,9805,2020-02-04 01:05:00,60.60992907801418,-1
768,9806,2020-02-04 01:10:00,60.68085106382978,-1
769,9807,2020-02-04 01:15:00,60.751773049645394,-1
770,9808,2020-02-04 01:20:00,60.822695035461,-1
771,9809,2020-02-04 01:25:00,60.8936170212766,-1
772,9810,2020-02-04 01:30:00,60.9645390070922,-1
773,9811,2020-02-04 01:35:00,61.0354609929078,-1
774,9812,2020-02-04 01:40:00,61.1063829787234,-1
775,9813,2020-02-04 01:45:00,61.177304964539005,-1
776,9814,2020-02-04 01:50:00,61.248226950354606,-1
777,9815,2020-02-04 01:55:00,61.31914893617021,-1
778,9816,2020-02-04 02:00:00,61.39007092198582,-1
779,9817,2020-02-04 02:05:00,61.46099290780141,-1
780,9818,2020-02-04 02:10:00,61.53191489361702,-1
781,9819,2020-02-04 02:15:00,61.602836879432616,-1
782,9820,2020-02-04 02:20:00,61.673758865248224,-1
783,9821,2020-02-04 02:25:00,61.74468085106383,-1
784,9822,2020-02-04 02:30:00,61.81560283687944,-1
785,9823,2020-02-04 02:35:00,61.88652482269504,-1
786,9824,2020-02-04 02:40:00,61.957446808510646,-1
787,9825,2020-02-04 02:45:00,61.6,-1
788,9826,2020-02-04 02:50:00,61.0,-1
789,9827,2020-02-04 02:55:00,61.4,-1
790,9828,2020-02-04 03:00:00,61.6,-1
791,9829,2020-02-04 03:05:00,61.0,-1
792,9830,2020-02-04 03:10:00,60.2,-1
793,9831,2020-02-04 03:15:00,58.6,-1
794,9832,2020-02-04 03:20:00,58.8,-1
795,9833,2020-02-04 03:25:00,60.0,-1
796,9834,2020-02-04 03:30:00,61.6,-1
797,9835,2020-02-04 03:35:00,64.8,-1
798,9836,2020-02-04 03:40:00,66.8,-1
799,9837,2020-02-04 03:45:00,68.4,-1
800,9838,2020-02-04 03:50:00,67.4,-1
801,9839,2020-02-04 03:55:00,66.6,-1
802,9840,2020-02-04 04:00:00,69.4,-1
803,9841,2020-02-04 04:05:00,69.2,-1
804,9842,2020-02-04 04:10:00,67.2,-1
805,9843,2020-02-04 04:15:00,62.8,-1
806,9846,2020-02-04 04:30:00,58.4,-1
807,9847,2020-02-04 04:35:00,58.6,-1
808,9848,2020-02-04 04:40:00,58.0,-1
809,9849,2020-02-04 04:45:00,58.0,-1
810,9850,2020-02-04 04:50:00,58.0,-1
811,9853,2020-02-04 05:05:00,58.2,-1
812,9854,2020-02-04 05:10:00,61.6,-1
813,9855,2020-02-04 05:15:00,66.4,-1
814,9856,2020-02-04 05:20:00,67.6,-1
815,9857,2020-02-04 05:25:00,62.8,-1
816,9858,2020-02-04 05:30:00,59.0,-1
817,9862,2020-02-04 05:50:00,58.8,-1
818,9863,2020-02-04 05:55:00,60.8,-1
819,9864,2020-02-04 06:00:00,62.4,-1
820,9865,2020-02-04 06:05:00,63.0,-1
821,9866,2020-02-04 06:10:00,62.33333333333333,-1
822,9867,2020-02-04 06:15:00,61.06666666666666,-1
823,9868,2020-02-04 06:20:00,62.2,-1
824,9869,2020-02-04 06:25:00,66.03999999999999,-1
825,9870,2020-02-04 06:30:00,66.96000000000001,-1
826,9871,2020-02-04 06:35:00,67.24,-1
827,9872,2020-02-04 06:40:00,65.86,-1
828,9873,2020-02-04 06:45:00,61.0,-1
829,9874,2020-02-04 06:50:00,60.6,-1
830,9875,2020-02-04 06:55:00,59.2,-1
831,9876,2020-02-04 07:00:00,58.0,-1
832,9877,2020-02-04 07:05:00,58.4,-1
833,9878,2020-02-04 07:10:00,58.2,-1
834,9881,2020-02-04 07:25:00,58.0,-1
835,9882,2020-02-04 07:30:00,58.4,-1
836,9883,2020-02-04 07:35:00,59.4,-1
837,9884,2020-02-04 07:40:00,58.4,-1
838,9886,2020-02-04 07:50:00,61.6,-1
839,9887,2020-02-04 07:55:00,63.6,-1
840,9888,2020-02-04 08:00:00,61.0,-1
841,9889,2020-02-04 08:05:00,58.4,-1
842,9890,2020-02-04 08:10:00,59.0,-1
843,9891,2020-02-04 08:15:00,59.0,-1
844,9892,2020-02-04 08:20:00,59.0,-1
845,9893,2020-02-04 08:25:00,61.4,-1
846,9894,2020-02-04 08:30:00,66.6,-1
847,9895,2020-02-04 08:35:00,67.8,-1
848,9896,2020-02-04 08:40:00,64.8,-1
849,9897,2020-02-04 08:45:00,61.4,-1
850,9898,2020-02-04 08:50:00,60.2,-1
851,9899,2020-02-04 08:55:00,64.8,-1
852,9900,2020-02-04 09:00:00,65.8,-1
853,9901,2020-02-04 09:05:00,58.6,-1
854,9906,2020-02-04 09:30:00,59.6,-1
855,9907,2020-02-04 09:35:00,61.2,-1
856,9908,2020-02-04 09:40:00,66.3,-1
857,9909,2020-02-04 09:45:00,68.98625429553265,-1
858,9910,2020-02-04 09:50:00,68.88545246277205,-1
859,9911,2020-02-04 09:55:00,68.7709049255441,-1
860,9912,2020-02-04 10:00:00,68.65635738831615,-1
861,9913,2020-02-04 10:05:00,68.5418098510882,-1
862,9914,2020-02-04 10:10:00,68.42726231386025,-1
863,9915,2020-02-04 10:15:00,68.3127147766323,-1
864,9916,2020-02-04 10:20:00,68.19816723940436,-1
865,9917,2020-02-04 10:25:00,68.0836197021764,-1
866,9918,2020-02-04 10:30:00,67.96907216494846,-1
867,9919,2020-02-04 10:35:00,67.85452462772051,-1
868,9920,2020-02-04 10:40:00,67.73997709049256,-1
869,9921,2020-02-04 10:45:00,67.62542955326461,-1
870,9922,2020-02-04 10:50:00,67.51088201603666,-1
871,9923,2020-02-04 10:55:00,67.39633447880871,-1
872,9924,2020-02-04 11:00:00,67.28178694158076,-1
873,9925,2020-02-04 11:05:00,67.16723940435281,-1
874,9926,2020-02-04 11:10:00,67.05269186712486,-1
875,9927,2020-02-04 11:15:00,66.93814432989691,-1
876,9928,2020-02-04 11:20:00,66.82359679266895,-1
877,9929,2020-02-04 11:25:00,66.709049255441,-1
878,9930,2020-02-04 11:30:00,66.59450171821305,-1
879,9931,2020-02-04 11:35:00,66.4799541809851,-1
880,9932,2020-02-04 11:40:00,66.36540664375715,-1
881,9933,2020-02-04 11:45:00,66.2508591065292,-1
882,9934,2020-02-04 11:50:00,66.13631156930126,-1
883,9935,2020-02-04 11:55:00,66.0217640320733,-1
884,9936,2020-02-04 12:00:00,65.90721649484536,-1
885,9937,2020-02-04 12:05:00,65.79266895761741,-1
886,9938,2020-02-04 12:10:00,65.67812142038946,-1
887,9939,2020-02-04 12:15:00,65.56357388316151,-1
888,9940,2020-02-04 12:20:00,65.44902634593356,-1
889,9941,2020-02-04 12:25:00,65.33447880870561,-1
890,9942,2020-02-04 12:30:00,65.21993127147766,-1
891,9943,2020-02-04 12:35:00,65.10538373424971,-1
892,9944,2020-02-04 12:40:00,64.99083619702176,-1
893,9945,2020-02-04 12:45:00,64.87628865979381,-1
894,9946,2020-02-04 12:50:00,64.76174112256587,-1
895,9947,2020-02-04 12:55:00,64.64719358533792,-1
896,9948,2020-02-04 13:00:00,64.53264604810997,-1
897,9949,2020-02-04 13:05:00,64.41809851088202,-1
898,9950,2020-02-04 13:10:00,64.30355097365407,-1
899,9951,2020-02-04 13:15:00,64.18900343642612,-1
900,9952,2020-02-04 13:20:00,64.07445589919817,-1
901,9953,2020-02-04 13:25:00,63.95990836197022,-1
902,9954,2020-02-04 13:30:00,63.84536082474227,-1
903,9955,2020-02-04 13:35:00,63.73081328751432,-1
904,9956,2020-02-04 13:40:00,63.61626575028637,-1
905,9957,2020-02-04 13:45:00,63.50171821305842,-1
906,9958,2020-02-04 13:50:00,63.38717067583046,-1
907,9959,2020-02-04 13:55:00,63.272623138602526,-1
908,9960,2020-02-04 14:00:00,63.15807560137457,-1
909,9961,2020-02-04 14:05:00,63.04352806414662,-1
910,9962,2020-02-04 14:10:00,62.92898052691866,-1
911,9963,2020-02-04 14:15:00,62.81443298969073,-1
912,9964,2020-02-04 14:20:00,62.69988545246277,-1
913,9965,2020-02-04 14:25:00,62.58533791523482,-1
914,9966,2020-02-04 14:30:00,62.47079037800688,-1
915,9967,2020-02-04 14:35:00,62.35624284077893,-1
916,9968,2020-02-04 14:40:00,62.241695303550976,-1
917,9969,2020-02-04 14:45:00,62.12714776632303,-1
918,9970,2020-02-04 14:50:00,62.01260022909507,-1
919,9971,2020-02-04 14:55:00,61.89805269186712,-1
920,9972,2020-02-04 15:00:00,61.78350515463917,-1
921,9973,2020-02-04 15:05:00,61.66895761741123,-1
922,9974,2020-02-04 15:10:00,61.55441008018328,-1
923,9975,2020-02-04 15:15:00,61.439862542955325,-1
924,9976,2020-02-04 15:20:00,61.32531500572738,-1
925,9977,2020-02-04 15:25:00,61.21076746849942,-1
926,9978,2020-02-04 15:30:00,61.09621993127148,-1
927,9979,2020-02-04 15:35:00,60.98167239404353,-1
928,9980,2020-02-04 15:40:00,60.86712485681558,-1
929,9981,2020-02-04 15:45:00,60.75257731958764,-1
930,9982,2020-02-04 15:50:00,60.63802978235968,-1
931,9983,2020-02-04 15:55:00,60.52348224513173,-1
932,9984,2020-02-04 16:00:00,60.40893470790378,-1
933,9985,2020-02-04 16:05:00,60.29438717067583,-1
934,9986,2020-02-04 16:10:00,60.17983963344789,-1
935,9987,2020-02-04 16:15:00,60.065292096219935,-1
936,9988,2020-02-04 16:20:00,59.95074455899199,-1
937,9989,2020-02-04 16:25:00,59.83619702176404,-1
938,9990,2020-02-04 16:30:00,59.72164948453609,-1
939,9991,2020-02-04 16:35:00,59.60710194730814,-1
940,9992,2020-02-04 16:40:00,59.49255441008019,-1
941,9993,2020-02-04 16:45:00,59.37800687285223,-1
942,9994,2020-02-04 16:50:00,59.26345933562428,-1
943,9995,2020-02-04 16:55:00,59.14891179839633,-1
944,9996,2020-02-04 17:00:00,59.03436426116839,-1
945,9997,2020-02-04 17:05:00,58.91981672394044,-1
946,9998,2020-02-04 17:10:00,58.805269186712486,-1
947,9999,2020-02-04 17:15:00,58.69072164948453,-1
948,10000,2020-02-04 17:20:00,58.5761741122566,-1
949,10001,2020-02-04 17:25:00,58.46162657502864,-1
950,10002,2020-02-04 17:30:00,58.34707903780069,-1
951,10003,2020-02-04 17:35:00,58.23253150057273,-1
952,10004,2020-02-04 17:40:00,58.1179839633448,-1
953,10005,2020-02-04 17:45:00,58.00343642611684,-1
954,10006,2020-02-04 17:50:00,57.88888888888889,-1
955,10090,2020-02-05 00:50:00,42.0,-1
956,10091,2020-02-05 00:55:00,42.4,-1
957,10691,2020-02-07 02:55:00,63.0,-1
958,10692,2020-02-07 03:00:00,62.6,-1
959,10693,2020-02-07 03:05:00,62.0,-1
960,10694,2020-02-07 03:10:00,60.8,-1
961,10700,2020-02-07 03:40:00,58.6,-1
962,10701,2020-02-07 03:45:00,58.4,-1
963,10702,2020-02-07 03:50:00,59.0,-1
964,10703,2020-02-07 03:55:00,59.0,-1
965,10707,2020-02-07 04:15:00,59.4,-1
966,10708,2020-02-07 04:20:00,64.4,-1
967,10709,2020-02-07 04:25:00,60.8,-1
968,10710,2020-02-07 04:30:00,58.6,-1
969,10711,2020-02-07 04:35:00,58.8,-1
970,10712,2020-02-07 04:40:00,58.8,-1
971,10956,2020-02-08 01:00:00,58.4,-1
972,10957,2020-02-08 01:05:00,59.0,-1
973,10958,2020-02-08 01:10:00,59.0,-1
974,10959,2020-02-08 01:15:00,63.4,-1
975,10960,2020-02-08 01:20:00,71.2,-1
976,10961,2020-02-08 01:25:00,71.0,-1
977,10962,2020-02-08 01:30:00,65.6,-1
978,10963,2020-02-08 01:35:00,62.0,-1
979,10964,2020-02-08 01:40:00,61.6,-1
980,10965,2020-02-08 01:45:00,61.8,-1
981,10966,2020-02-08 01:50:00,63.4,-1
982,10967,2020-02-08 01:55:00,63.6,-1
983,10968,2020-02-08 02:00:00,61.8,-1
984,10971,2020-02-08 02:15:00,58.0,-1
985,10976,2020-02-08 02:40:00,58.2,-1
986,10977,2020-02-08 02:45:00,62.2,-1
987,10978,2020-02-08 02:50:00,70.0,-1
988,10979,2020-02-08 02:55:00,66.8,-1
989,10980,2020-02-08 03:00:00,61.6,-1
990,10981,2020-02-08 03:05:00,61.4,-1
991,10982,2020-02-08 03:10:00,62.8,-1
992,10983,2020-02-08 03:15:00,66.0,-1
993,10984,2020-02-08 03:20:00,67.8,-1
994,10985,2020-02-08 03:25:00,63.2,-1
995,10994,2020-02-08 04:10:00,58.0,-1
996,10995,2020-02-08 04:15:00,58.0,-1
997,10996,2020-02-08 04:20:00,58.0,-1
998,10998,2020-02-08 04:30:00,60.6,-1
999,10999,2020-02-08 04:35:00,64.0,-1
1000,11000,2020-02-08 04:40:00,60.6,-1
1001,11184,2020-02-08 20:00:00,58.4,-1
1002,11185,2020-02-08 20:05:00,62.2,-1
1003,11186,2020-02-08 20:10:00,62.2,-1
1004,11187,2020-02-08 20:15:00,61.8,-1
1005,11188,2020-02-08 20:20:00,60.4,-1
1006,11189,2020-02-08 20:25:00,60.0,-1
1007,11190,2020-02-08 20:30:00,60.0,-1
1008,11191,2020-02-08 20:35:00,60.0,-1
1009,11192,2020-02-08 20:40:00,60.0,-1
1010,11193,2020-02-08 20:45:00,60.0,-1
1011,11194,2020-02-08 20:50:00,60.0,-1
1012,11195,2020-02-08 20:55:00,60.0,-1
1013,11196,2020-02-08 21:00:00,67.2,-1
1014,11197,2020-02-08 21:05:00,72.0,-1
1015,11198,2020-02-08 21:10:00,72.0,-1
1016,11199,2020-02-08 21:15:00,72.0,-1
1017,11200,2020-02-08 21:20:00,72.0,-1
1018,11201,2020-02-08 21:25:00,72.0,-1
1019,11202,2020-02-08 21:30:00,72.0,-1
1020,11203,2020-02-08 21:35:00,72.0,-1
1021,11204,2020-02-08 21:40:00,72.0,-1
1022,11205,2020-02-08 21:45:00,72.0,-1
1023,11206,2020-02-08 21:50:00,72.0,-1
1024,11207,2020-02-08 21:55:00,69.2,-1
1025,11208,2020-02-08 22:00:00,64.2,-1
1026,11209,2020-02-08 22:05:00,63.4,-1
1027,11210,2020-02-08 22:10:00,64.4,-1
1028,11211,2020-02-08 22:15:00,64.6,-1
1029,11212,2020-02-08 22:20:00,63.6,-1
1030,11213,2020-02-08 22:25:00,63.0,-1
1031,11214,2020-02-08 22:30:00,63.8,-1
1032,11215,2020-02-08 22:35:00,65.0,-1
1033,11216,2020-02-08 22:40:00,64.2,-1
1034,11217,2020-02-08 22:45:00,62.6,-1
1035,11218,2020-02-08 22:50:00,62.0,-1
1036,11219,2020-02-08 22:55:00,63.6,-1
1037,11220,2020-02-08 23:00:00,64.0,-1
1038,11221,2020-02-08 23:05:00,61.0,-1
1039,11222,2020-02-08 23:10:00,61.8,-1
1040,11223,2020-02-08 23:15:00,61.4,-1
1041,11224,2020-02-08 23:20:00,59.4,-1
1042,11225,2020-02-08 23:25:00,60.0,-1
1043,11226,2020-02-08 23:30:00,60.8,-1
1044,11227,2020-02-08 23:35:00,60.8,-1
1045,11228,2020-02-08 23:40:00,58.6,-1
1046,11229,2020-02-08 23:45:00,58.8,-1
1047,11230,2020-02-08 23:50:00,60.0,-1
1048,11231,2020-02-08 23:55:00,60.0,-1
1049,11232,2020-02-09 00:00:00,60.0,-1
1050,11233,2020-02-09 00:05:00,60.0,-1
1051,11697,2020-02-10 14:45:00,59.4,-1
1052,11698,2020-02-10 14:50:00,63.8,-1
1053,11699,2020-02-10 14:55:00,64.6,-1
1054,11700,2020-02-10 15:00:00,61.2,-1
1055,11714,2020-02-10 16:10:00,61.8,-1
1056,11715,2020-02-10 16:15:00,59.4,-1
1057,11742,2020-02-10 18:30:00,58.4,-1
1058,11763,2020-02-10 20:15:00,60.4,-1
1059,11851,2020-02-11 03:35:00,57.89989118607182,-1
1060,11852,2020-02-11 03:40:00,57.93253536452666,-1
1061,11853,2020-02-11 03:45:00,57.9651795429815,-1
1062,11854,2020-02-11 03:50:00,57.99782372143634,-1
1063,11855,2020-02-11 03:55:00,58.03046789989119,-1
1064,11856,2020-02-11 04:00:00,58.06311207834604,-1
1065,11857,2020-02-11 04:05:00,58.09575625680087,-1
1066,11858,2020-02-11 04:10:00,58.128400435255706,-1
1067,11859,2020-02-11 04:15:00,58.16104461371056,-1
1068,11860,2020-02-11 04:20:00,58.1936887921654,-1
1069,11861,2020-02-11 04:25:00,58.22633297062024,-1
1070,11862,2020-02-11 04:30:00,58.25897714907508,-1
1071,11863,2020-02-11 04:35:00,58.29162132752992,-1
1072,11864,2020-02-11 04:40:00,58.32426550598477,-1
1073,11865,2020-02-11 04:45:00,58.35690968443961,-1
1074,11866,2020-02-11 04:50:00,58.38955386289446,-1
1075,11867,2020-02-11 04:55:00,58.42219804134929,-1
1076,11868,2020-02-11 05:00:00,58.45484221980414,-1
1077,11869,2020-02-11 05:05:00,58.48748639825898,-1
1078,11870,2020-02-11 05:10:00,58.52013057671383,-1
1079,11871,2020-02-11 05:15:00,58.55277475516866,-1
1080,11872,2020-02-11 05:20:00,58.58541893362351,-1
1081,11873,2020-02-11 05:25:00,58.618063112078346,-1
1082,11874,2020-02-11 05:30:00,58.65070729053319,-1
1083,11875,2020-02-11 05:35:00,58.68335146898803,-1
1084,11876,2020-02-11 05:40:00,58.71599564744288,-1
1085,11877,2020-02-11 05:45:00,58.74863982589771,-1
1086,11878,2020-02-11 05:50:00,58.78128400435256,-1
1087,11879,2020-02-11 05:55:00,58.8139281828074,-1
1088,11880,2020-02-11 06:00:00,58.84657236126225,-1
1089,11881,2020-02-11 06:05:00,58.879216539717085,-1
1090,11882,2020-02-11 06:10:00,58.91186071817193,-1
1091,11883,2020-02-11 06:15:00,58.94450489662677,-1
1092,11884,2020-02-11 06:20:00,58.97714907508161,-1
1093,11885,2020-02-11 06:25:00,59.00979325353645,-1
1094,11886,2020-02-11 06:30:00,59.04243743199129,-1
1095,11887,2020-02-11 06:35:00,59.07508161044613,-1
1096,11888,2020-02-11 06:40:00,59.107725788900986,-1
1097,11889,2020-02-11 06:45:00,59.140369967355824,-1
1098,11890,2020-02-11 06:50:00,59.173014145810654,-1
1099,11891,2020-02-11 06:55:00,59.20565832426551,-1
1100,11892,2020-02-11 07:00:00,59.23830250272035,-1
1101,11893,2020-02-11 07:05:00,59.27094668117519,-1
1102,11894,2020-02-11 07:10:00,59.30359085963004,-1
1103,11895,2020-02-11 07:15:00,59.33623503808487,-1
1104,11896,2020-02-11 07:20:00,59.36887921653971,-1
1105,11897,2020-02-11 07:25:00,59.40152339499456,-1
1106,11898,2020-02-11 07:30:00,59.43416757344941,-1
1107,11899,2020-02-11 07:35:00,59.466811751904245,-1
1108,11900,2020-02-11 07:40:00,59.49945593035909,-1
1109,11901,2020-02-11 07:45:00,59.53210010881393,-1
1110,11902,2020-02-11 07:50:00,59.56474428726877,-1
1111,11903,2020-02-11 07:55:00,59.59738846572361,-1
1112,11904,2020-02-11 08:00:00,59.630032644178456,-1
1113,11905,2020-02-11 08:05:00,59.662676822633294,-1
1114,11906,2020-02-11 08:10:00,59.69532100108815,-1
1115,11907,2020-02-11 08:15:00,59.72796517954298,-1
1116,11908,2020-02-11 08:20:00,59.76060935799783,-1
1117,11909,2020-02-11 08:25:00,59.79325353645267,-1
1118,11910,2020-02-11 08:30:00,59.82589771490751,-1
1119,11911,2020-02-11 08:35:00,59.85854189336235,-1
1120,11912,2020-02-11 08:40:00,59.8911860718172,-1
1121,11913,2020-02-11 08:45:00,59.92383025027203,-1
1122,11914,2020-02-11 08:50:00,59.95647442872688,-1
1123,11915,2020-02-11 08:55:00,59.98911860718172,-1
1124,11916,2020-02-11 09:00:00,60.02176278563657,-1
1125,11917,2020-02-11 09:05:00,60.0544069640914,-1
1126,11918,2020-02-11 09:10:00,60.08705114254624,-1
1127,11919,2020-02-11 09:15:00,60.11969532100109,-1
1128,11920,2020-02-11 09:20:00,60.152339499455934,-1
1129,11921,2020-02-11 09:25:00,60.18498367791077,-1
1130,11922,2020-02-11 09:30:00,60.21762785636562,-1
1131,11923,2020-02-11 09:35:00,60.250272034820455,-1
1132,11924,2020-02-11 09:40:00,60.2829162132753,-1
1133,11925,2020-02-11 09:45:00,60.31556039173014,-1
1134,11926,2020-02-11 09:50:00,60.34820457018499,-1
1135,11927,2020-02-11 09:55:00,60.38084874863982,-1
1136,11928,2020-02-11 10:00:00,60.41349292709467,-1
1137,11929,2020-02-11 10:05:00,60.44613710554951,-1
1138,11930,2020-02-11 10:10:00,60.47878128400436,-1
1139,11931,2020-02-11 10:15:00,60.5114254624592,-1
1140,11932,2020-02-11 10:20:00,60.54406964091404,-1
1141,11933,2020-02-11 10:25:00,60.57671381936888,-1
1142,11934,2020-02-11 10:30:00,60.60935799782372,-1
1143,11935,2020-02-11 10:35:00,60.64200217627856,-1
1144,11936,2020-02-11 10:40:00,60.67464635473341,-1
1145,11937,2020-02-11 10:45:00,60.70729053318824,-1
1146,11938,2020-02-11 10:50:00,60.739934711643095,-1
1147,11939,2020-02-11 10:55:00,60.77257889009793,-1
1148,11940,2020-02-11 11:00:00,60.80522306855278,-1
1149,11941,2020-02-11 11:05:00,60.837867247007615,-1
1150,11942,2020-02-11 11:10:00,60.87051142546246,-1
1151,11943,2020-02-11 11:15:00,60.9031556039173,-1
1152,11944,2020-02-11 11:20:00,60.93579978237214,-1
1153,11945,2020-02-11 11:25:00,60.96844396082698,-1
1154,11946,2020-02-11 11:30:00,61.00108813928183,-1
1155,11947,2020-02-11 11:35:00,61.03373231773666,-1
1156,11948,2020-02-11 11:40:00,61.06637649619152,-1
1157,11949,2020-02-11 11:45:00,61.099020674646354,-1
1158,11950,2020-02-11 11:50:00,61.1316648531012,-1
1159,11951,2020-02-11 11:55:00,61.16430903155604,-1
1160,11952,2020-02-11 12:00:00,61.19695321001088,-1
1161,11953,2020-02-11 12:05:00,61.22959738846573,-1
1162,11954,2020-02-11 12:10:00,61.262241566920565,-1
1163,11955,2020-02-11 12:15:00,61.2948857453754,-1
1164,11956,2020-02-11 12:20:00,61.327529923830255,-1
1165,11957,2020-02-11 12:25:00,61.360174102285086,-1
1166,11958,2020-02-11 12:30:00,61.39281828073994,-1
1167,11959,2020-02-11 12:35:00,61.425462459194776,-1
1168,11960,2020-02-11 12:40:00,61.45810663764962,-1
1169,11961,2020-02-11 12:45:00,61.49075081610446,-1
1170,11962,2020-02-11 12:50:00,61.5233949945593,-1
1171,11963,2020-02-11 12:55:00,61.55603917301416,-1
1172,11964,2020-02-11 13:00:00,61.58868335146899,-1
1173,11965,2020-02-11 13:05:00,61.62132752992383,-1
1174,11966,2020-02-11 13:10:00,61.65397170837868,-1
1175,11967,2020-02-11 13:15:00,61.68661588683351,-1
1176,11968,2020-02-11 13:20:00,61.71926006528836,-1
1177,11969,2020-02-11 13:25:00,61.7519042437432,-1
1178,11970,2020-02-11 13:30:00,61.78454842219804,-1
1179,11971,2020-02-11 13:35:00,61.81719260065288,-1
1180,11972,2020-02-11 13:40:00,61.849836779107726,-1
1181,11973,2020-02-11 13:45:00,61.88248095756258,-1
1182,11974,2020-02-11 13:50:00,61.91512513601741,-1
1183,11975,2020-02-11 13:55:00,61.94776931447225,-1
1184,11976,2020-02-11 14:00:00,61.9804134929271,-1
1185,11977,2020-02-11 14:05:00,62.4,-1
1186,11978,2020-02-11 14:10:00,63.8,-1
1187,11979,2020-02-11 14:15:00,65.0,-1
1188,11980,2020-02-11 14:20:00,63.8,-1
1189,11981,2020-02-11 14:25:00,61.2,-1
1190,11982,2020-02-11 14:30:00,61.2,-1
1191,11983,2020-02-11 14:35:00,63.4,-1
1192,11984,2020-02-11 14:40:00,62.8,-1
1193,11985,2020-02-11 14:45:00,61.8,-1
1194,11986,2020-02-11 14:50:00,63.8,-1
1195,11987,2020-02-11 14:55:00,63.0,-1
1196,11988,2020-02-11 15:00:00,60.0,-1
1197,11989,2020-02-11 15:05:00,60.0,-1
1198,11990,2020-02-11 15:10:00,60.0,-1
1199,11993,2020-02-11 15:25:00,58.4,-1
1200,11994,2020-02-11 15:30:00,59.4,-1
1201,11995,2020-02-11 15:35:00,58.0,-1
1202,11998,2020-02-11 15:50:00,58.0,-1
1203,12001,2020-02-11 16:05:00,62.4,-1
1204,12002,2020-02-11 16:10:00,64.8,-1
1205,12003,2020-02-11 16:15:00,62.2,-1
1206,12004,2020-02-11 16:20:00,61.4,-1
1207,12005,2020-02-11 16:25:00,60.0,-1
1208,12010,2020-02-11 16:50:00,58.0,-1
1209,12018,2020-02-11 17:30:00,58.66666666666666,-1
1210,12019,2020-02-11 17:35:00,58.513333333333335,-1
1211,12020,2020-02-11 17:40:00,60.4,-1
1212,12021,2020-02-11 17:45:00,61.67999999999999,-1
1213,12022,2020-02-11 17:50:00,60.56,-1
1214,12023,2020-02-11 17:55:00,57.88,-1
1215,12042,2020-02-11 19:30:00,60.8,-1
1216,12043,2020-02-11 19:35:00,60.4,-1
1217,12264,2020-02-12 14:00:00,66.2,-1
1218,12265,2020-02-12 14:05:00,67.2,-1
1219,12266,2020-02-12 14:10:00,66.4,-1
1220,12267,2020-02-12 14:15:00,67.4,-1
1221,12268,2020-02-12 14:20:00,66.4,-1
1222,12269,2020-02-12 14:25:00,63.6,-1
1223,12270,2020-02-12 14:30:00,63.8,-1
1224,12271,2020-02-12 14:35:00,64.2,-1
1225,12272,2020-02-12 14:40:00,63.0,-1
1226,12273,2020-02-12 14:45:00,63.8,-1
1227,12274,2020-02-12 14:50:00,65.0,-1
1228,12275,2020-02-12 14:55:00,65.0,-1
1229,12276,2020-02-12 15:00:00,65.0,-1
1230,12277,2020-02-12 15:05:00,68.2,-1
1231,12278,2020-02-12 15:10:00,73.8,-1
1232,12279,2020-02-12 15:15:00,73.0,-1
1233,12280,2020-02-12 15:20:00,69.2,-1
1234,12281,2020-02-12 15:25:00,67.2,-1
1235,12282,2020-02-12 15:30:00,65.6,-1
1236,12283,2020-02-12 15:35:00,62.2,-1
1237,12284,2020-02-12 15:40:00,58.4,-1
1238,12285,2020-02-12 15:45:00,59.0,-1
1239,12286,2020-02-12 15:50:00,58.2,-1
1240,12298,2020-02-12 16:50:00,60.8,-1
1241,12299,2020-02-12 16:55:00,60.4,-1
1242,12338,2020-02-12 20:10:00,58.4,-1
1243,12339,2020-02-12 20:15:00,60.8,-1
1244,12340,2020-02-12 20:20:00,58.6,-1
1245,12360,2020-02-12 22:00:00,59.0,-1
1246,12419,2020-02-13 02:55:00,57.87837837837837,-1
1247,12420,2020-02-13 03:00:00,57.895270270270274,-1
1248,12421,2020-02-13 03:05:00,57.91216216216217,-1
1249,12422,2020-02-13 03:10:00,57.92905405405406,-1
1250,12423,2020-02-13 03:15:00,57.94594594594595,-1
1251,12424,2020-02-13 03:20:00,57.96283783783783,-1
1252,12425,2020-02-13 03:25:00,57.979729729729726,-1
1253,12426,2020-02-13 03:30:00,57.99662162162163,-1
1254,12427,2020-02-13 03:35:00,58.01351351351352,-1
1255,12428,2020-02-13 03:40:00,58.0304054054054,-1
1256,12429,2020-02-13 03:45:00,58.047297297297305,-1
1257,12430,2020-02-13 03:50:00,58.06418918918919,-1
1258,12431,2020-02-13 03:55:00,58.08108108108108,-1
1259,12432,2020-02-13 04:00:00,58.09797297297298,-1
1260,12433,2020-02-13 04:05:00,58.11486486486486,-1
1261,12434,2020-02-13 04:10:00,58.13175675675676,-1
1262,12435,2020-02-13 04:15:00,58.148648648648646,-1
1263,12436,2020-02-13 04:20:00,58.16554054054054,-1
1264,12437,2020-02-13 04:25:00,58.18243243243244,-1
1265,12438,2020-02-13 04:30:00,58.19932432432432,-1
1266,12439,2020-02-13 04:35:00,58.21621621621622,-1
1267,12440,2020-02-13 04:40:00,58.233108108108105,-1
1268,12441,2020-02-13 04:45:00,58.25,-1
1269,12442,2020-02-13 04:50:00,58.266891891891895,-1
1270,12443,2020-02-13 04:55:00,58.28378378378378,-1
1271,12444,2020-02-13 05:00:00,58.30067567567568,-1
1272,12445,2020-02-13 05:05:00,58.317567567567565,-1
1273,12446,2020-02-13 05:10:00,58.33445945945946,-1
1274,12447,2020-02-13 05:15:00,58.35135135135136,-1
1275,12448,2020-02-13 05:20:00,58.36824324324324,-1
1276,12449,2020-02-13 05:25:00,58.38513513513514,-1
1277,12450,2020-02-13 05:30:00,58.40202702702703,-1
1278,12451,2020-02-13 05:35:00,58.41891891891892,-1
1279,12452,2020-02-13 05:40:00,58.435810810810814,-1
1280,12453,2020-02-13 05:45:00,58.452702702702695,-1
1281,12454,2020-02-13 05:50:00,58.4695945945946,-1
1282,12455,2020-02-13 05:55:00,58.48648648648648,-1
1283,12456,2020-02-13 06:00:00,58.50337837837837,-1
1284,12457,2020-02-13 06:05:00,58.520270270270274,-1
1285,12458,2020-02-13 06:10:00,58.53716216216217,-1
1286,12459,2020-02-13 06:15:00,58.55405405405406,-1
1287,12460,2020-02-13 06:20:00,58.57094594594595,-1
1288,12461,2020-02-13 06:25:00,58.58783783783783,-1
1289,12462,2020-02-13 06:30:00,58.604729729729726,-1
1290,12463,2020-02-13 06:35:00,58.62162162162163,-1
1291,12464,2020-02-13 06:40:00,58.63851351351352,-1
1292,12465,2020-02-13 06:45:00,58.6554054054054,-1
1293,12466,2020-02-13 06:50:00,58.672297297297305,-1
1294,12467,2020-02-13 06:55:00,58.68918918918919,-1
1295,12468,2020-02-13 07:00:00,58.70608108108108,-1
1296,12469,2020-02-13 07:05:00,58.72297297297298,-1
1297,12470,2020-02-13 07:10:00,58.73986486486486,-1
1298,12471,2020-02-13 07:15:00,58.75675675675676,-1
1299,12472,2020-02-13 07:20:00,58.773648648648646,-1
1300,12473,2020-02-13 07:25:00,58.79054054054054,-1
1301,12474,2020-02-13 07:30:00,58.80743243243244,-1
1302,12475,2020-02-13 07:35:00,58.82432432432432,-1
1303,12476,2020-02-13 07:40:00,58.84121621621622,-1
1304,12477,2020-02-13 07:45:00,58.858108108108105,-1
1305,12478,2020-02-13 07:50:00,58.875,-1
1306,12479,2020-02-13 07:55:00,58.891891891891895,-1
1307,12480,2020-02-13 08:00:00,58.90878378378378,-1
1308,12481,2020-02-13 08:05:00,58.92567567567568,-1
1309,12482,2020-02-13 08:10:00,58.942567567567565,-1
1310,12483,2020-02-13 08:15:00,58.95945945945946,-1
1311,12484,2020-02-13 08:20:00,58.97635135135136,-1
1312,12485,2020-02-13 08:25:00,58.99324324324324,-1
1313,12486,2020-02-13 08:30:00,59.01013513513514,-1
1314,12487,2020-02-13 08:35:00,59.02702702702703,-1
1315,12488,2020-02-13 08:40:00,59.04391891891892,-1
1316,12489,2020-02-13 08:45:00,59.060810810810814,-1
1317,12490,2020-02-13 08:50:00,59.077702702702695,-1
1318,12491,2020-02-13 08:55:00,59.0945945945946,-1
1319,12492,2020-02-13 09:00:00,59.11148648648648,-1
1320,12493,2020-02-13 09:05:00,59.12837837837837,-1
1321,12494,2020-02-13 09:10:00,59.145270270270274,-1
1322,12495,2020-02-13 09:15:00,59.16216216216217,-1
1323,12496,2020-02-13 09:20:00,59.17905405405406,-1
1324,12497,2020-02-13 09:25:00,59.19594594594595,-1
1325,12498,2020-02-13 09:30:00,59.21283783783783,-1
1326,12499,2020-02-13 09:35:00,59.229729729729726,-1
1327,12500,2020-02-13 09:40:00,59.24662162162163,-1
1328,12501,2020-02-13 09:45:00,59.26351351351352,-1
1329,12502,2020-02-13 09:50:00,59.2804054054054,-1
1330,12503,2020-02-13 09:55:00,59.297297297297305,-1
1331,12504,2020-02-13 10:00:00,59.31418918918919,-1
1332,12505,2020-02-13 10:05:00,59.33108108108108,-1
1333,12506,2020-02-13 10:10:00,59.34797297297298,-1
1334,12507,2020-02-13 10:15:00,59.36486486486486,-1
1335,12508,2020-02-13 10:20:00,59.38175675675676,-1
1336,12509,2020-02-13 10:25:00,59.398648648648646,-1
1337,12510,2020-02-13 10:30:00,59.41554054054054,-1
1338,12511,2020-02-13 10:35:00,59.43243243243244,-1
1339,12512,2020-02-13 10:40:00,59.44932432432432,-1
1340,12513,2020-02-13 10:45:00,59.46621621621622,-1
1341,12514,2020-02-13 10:50:00,59.483108108108105,-1
1342,12515,2020-02-13 10:55:00,59.5,-1
1343,12516,2020-02-13 11:00:00,59.516891891891895,-1
1344,12517,2020-02-13 11:05:00,59.53378378378378,-1
1345,12518,2020-02-13 11:10:00,59.55067567567568,-1
1346,12519,2020-02-13 11:15:00,59.567567567567565,-1
1347,12520,2020-02-13 11:20:00,59.58445945945946,-1
1348,12521,2020-02-13 11:25:00,59.60135135135136,-1
1349,12522,2020-02-13 11:30:00,59.61824324324324,-1
1350,12523,2020-02-13 11:35:00,59.63513513513514,-1
1351,12524,2020-02-13 11:40:00,59.65202702702703,-1
1352,12525,2020-02-13 11:45:00,59.66891891891892,-1
1353,12526,2020-02-13 11:50:00,59.685810810810814,-1
1354,12527,2020-02-13 11:55:00,59.702702702702695,-1
1355,12528,2020-02-13 12:00:00,59.7195945945946,-1
1356,12529,2020-02-13 12:05:00,59.73648648648648,-1
1357,12530,2020-02-13 12:10:00,59.75337837837837,-1
1358,12531,2020-02-13 12:15:00,59.770270270270274,-1
1359,12532,2020-02-13 12:20:00,59.78716216216217,-1
1360,12533,2020-02-13 12:25:00,59.80405405405406,-1
1361,12534,2020-02-13 12:30:00,59.82094594594595,-1
1362,12535,2020-02-13 12:35:00,59.83783783783783,-1
1363,12536,2020-02-13 12:40:00,59.854729729729726,-1
1364,12537,2020-02-13 12:45:00,59.87162162162163,-1
1365,12538,2020-02-13 12:50:00,59.88851351351352,-1
1366,12539,2020-02-13 12:55:00,59.9054054054054,-1
1367,12540,2020-02-13 13:00:00,59.922297297297305,-1
1368,12541,2020-02-13 13:05:00,59.93918918918919,-1
1369,12542,2020-02-13 13:10:00,59.95608108108108,-1
1370,12543,2020-02-13 13:15:00,59.97297297297298,-1
1371,12544,2020-02-13 13:20:00,59.98986486486486,-1
1372,12545,2020-02-13 13:25:00,60.0,-1
1373,12546,2020-02-13 13:30:00,60.0,-1
1374,12547,2020-02-13 13:35:00,61.2,-1
1375,12548,2020-02-13 13:40:00,63.4,-1
1376,12549,2020-02-13 13:45:00,64.0,-1
1377,12550,2020-02-13 13:50:00,62.8,-1
1378,12551,2020-02-13 13:55:00,61.0,-1
1379,12552,2020-02-13 14:00:00,59.8,-1
1380,12553,2020-02-13 14:05:00,58.4,-1
1381,12554,2020-02-13 14:10:00,59.0,-1
1382,12555,2020-02-13 14:15:00,59.0,-1
1383,12557,2020-02-13 14:25:00,58.2,-1
1384,12558,2020-02-13 14:30:00,62.2,-1
1385,12559,2020-02-13 14:35:00,60.2,-1
1386,12560,2020-02-13 14:40:00,58.6,-1
1387,12561,2020-02-13 14:45:00,58.0,-1
1388,12572,2020-02-13 15:40:00,61.6,-1
1389,12573,2020-02-13 15:45:00,59.0,-1
1390,12590,2020-02-13 17:10:00,58.8,-1
1391,12591,2020-02-13 17:15:00,58.8,-1
1392,13093,2020-02-15 11:05:00,42.6,-1
1393,13101,2020-02-15 11:45:00,42.4,-1
1394,13102,2020-02-15 11:50:00,42.6,-1
1395,13103,2020-02-15 11:55:00,42.0,-1
1396,13104,2020-02-15 12:00:00,42.4,-1
1397,13128,2020-02-15 14:00:00,42.6,-1
1398,13129,2020-02-15 14:05:00,42.4,-1
1399,13130,2020-02-15 14:10:00,42.6,-1
1400,13131,2020-02-15 14:15:00,42.0,-1
1401,13132,2020-02-15 14:20:00,42.4,-1
1402,13512,2020-02-16 22:00:00,62.6,-1
1403,13513,2020-02-16 22:05:00,64.0,-1
1404,13514,2020-02-16 22:10:00,64.2,-1
1405,13515,2020-02-16 22:15:00,58.8,-1
1406,13522,2020-02-16 22:50:00,58.0,-1
1407,13531,2020-02-16 23:35:00,58.6,-1
1408,13532,2020-02-16 23:40:00,62.4,-1
1409,13533,2020-02-16 23:45:00,61.6,-1
1410,13534,2020-02-16 23:50:00,60.8,-1
1411,13896,2020-02-18 06:00:00,60.0,-1
1412,13897,2020-02-18 06:05:00,59.991982182628064,-1
1413,13898,2020-02-18 06:10:00,59.933184855233854,-1
1414,13899,2020-02-18 06:15:00,59.86636971046771,-1
1415,13900,2020-02-18 06:20:00,59.79955456570156,-1
1416,13901,2020-02-18 06:25:00,59.73273942093541,-1
1417,13902,2020-02-18 06:30:00,59.665924276169264,-1
1418,13903,2020-02-18 06:35:00,59.599109131403125,-1
1419,13904,2020-02-18 06:40:00,59.53229398663698,-1
1420,13905,2020-02-18 06:45:00,59.46547884187082,-1
1421,13906,2020-02-18 06:50:00,59.39866369710468,-1
1422,13907,2020-02-18 06:55:00,59.331848552338535,-1
1423,13908,2020-02-18 07:00:00,59.265033407572375,-1
1424,13909,2020-02-18 07:05:00,59.19821826280624,-1
1425,13910,2020-02-18 07:10:00,59.13140311804009,-1
1426,13911,2020-02-18 07:15:00,59.06458797327394,-1
1427,13912,2020-02-18 07:20:00,58.9977728285078,-1
1428,13913,2020-02-18 07:25:00,58.930957683741646,-1
1429,13914,2020-02-18 07:30:00,58.8641425389755,-1
1430,13915,2020-02-18 07:35:00,58.79732739420936,-1
1431,13916,2020-02-18 07:40:00,58.73051224944321,-1
1432,13917,2020-02-18 07:45:00,58.66369710467707,-1
1433,13918,2020-02-18 07:50:00,58.59688195991091,-1
1434,13919,2020-02-18 07:55:00,58.53006681514477,-1
1435,13920,2020-02-18 08:00:00,58.46325167037863,-1
1436,13921,2020-02-18 08:05:00,58.39643652561247,-1
1437,13922,2020-02-18 08:10:00,58.32962138084633,-1
1438,13923,2020-02-18 08:15:00,58.26280623608018,-1
1439,13924,2020-02-18 08:20:00,58.19599109131404,-1
1440,13925,2020-02-18 08:25:00,58.12917594654788,-1
1441,13926,2020-02-18 08:30:00,58.062360801781736,-1
1442,13927,2020-02-18 08:35:00,57.99554565701559,-1
1443,13928,2020-02-18 08:40:00,57.92873051224944,-1
1444,14103,2020-02-18 23:15:00,42.4,-1
1445,14110,2020-02-18 23:50:00,42.0,-1
1446,14111,2020-02-18 23:55:00,42.0,-1
1447,14112,2020-02-19 00:00:00,42.0,-1
1448,14113,2020-02-19 00:05:00,42.0,-1
1449,14114,2020-02-19 00:10:00,41.6,-1
1450,14115,2020-02-19 00:15:00,41.4,-1
1451,14116,2020-02-19 00:20:00,41.6,-1
1452,14117,2020-02-19 00:25:00,42.2,-1
1453,14156,2020-02-19 03:40:00,41.2,-1
1454,14157,2020-02-19 03:45:00,40.8,-1
1455,14158,2020-02-19 03:50:00,42.8,-1
1456,14160,2020-02-19 04:00:00,42.4,-1
1457,14163,2020-02-19 04:15:00,42.2,-1
1458,14164,2020-02-19 04:20:00,41.8,-1
1459,14186,2020-02-19 06:10:00,42.4,-1
1460,14187,2020-02-19 06:15:00,40.8,-1
1461,14188,2020-02-19 06:20:00,41.2,-1
1462,14189,2020-02-19 06:25:00,40.0,-1
1463,14190,2020-02-19 06:30:00,40.8,-1
1464,14403,2020-02-20 00:15:00,42.4,-1
1465,14405,2020-02-20 00:25:00,42.6,-1
1466,14406,2020-02-20 00:30:00,42.8,-1
1467,14429,2020-02-20 02:25:00,42.6,-1
1468,14430,2020-02-20 02:30:00,42.4,-1
1469,14440,2020-02-20 03:20:00,42.6,-1
1470,14441,2020-02-20 03:25:00,42.0,-1
1471,14442,2020-02-20 03:30:00,42.8,-1
1472,14446,2020-02-20 03:50:00,42.8,-1
1473,14447,2020-02-20 03:55:00,41.4,-1
1474,14448,2020-02-20 04:00:00,42.0,-1
1475,14458,2020-02-20 04:50:00,40.4,-1
1476,14459,2020-02-20 04:55:00,41.8,-1
1477,14460,2020-02-20 05:00:00,42.6,-1
1478,14464,2020-02-20 05:20:00,42.0,-1
1479,14468,2020-02-20 05:40:00,42.6,-1
1480,14469,2020-02-20 05:45:00,42.0,-1
1481,14470,2020-02-20 05:50:00,41.6,-1
1482,14471,2020-02-20 05:55:00,40.6,-1
1483,14472,2020-02-20 06:00:00,40.8,-1
1484,14473,2020-02-20 06:05:00,42.8,-1
1485,15002,2020-02-22 02:10:00,42.6,-1
1486,15003,2020-02-22 02:15:00,41.6,-1
1487,15004,2020-02-22 02:20:00,41.4,-1
1488,15005,2020-02-22 02:25:00,42.0,-1
1489,15014,2020-02-22 03:10:00,42.0,-1
1490,15015,2020-02-22 03:15:00,41.6,-1
1491,15016,2020-02-22 03:20:00,42.2,-1
1492,15039,2020-02-22 05:15:00,42.2,-1
1493,15040,2020-02-22 05:20:00,41.0,-1
1494,15041,2020-02-22 05:25:00,41.8,-1
1495,15052,2020-02-22 06:20:00,42.8,-1
1496,15053,2020-02-22 06:25:00,41.4,-1
1497,15054,2020-02-22 06:30:00,42.0,-1
1498,15055,2020-02-22 06:35:00,42.0,-1
1499,15056,2020-02-22 06:40:00,41.6,-1
1500,15057,2020-02-22 06:45:00,42.2,-1
1501,15060,2020-02-22 07:00:00,42.8,-1
1502,15062,2020-02-22 07:10:00,42.4,-1
1503,15265,2020-02-23 00:05:00,60.8,-1
1504,15266,2020-02-23 00:10:00,58.2,-1
1505,15285,2020-02-23 01:45:00,61.8,-1
1506,15286,2020-02-23 01:50:00,62.6,-1
1507,15287,2020-02-23 01:55:00,60.0,-1
1508,15611,2020-02-24 04:55:00,41.4,-1
1509,15612,2020-02-24 05:00:00,42.4,-1
1510,15627,2020-02-24 06:15:00,41.6,-1
1511,15628,2020-02-24 06:20:00,41.4,-1
1512,15629,2020-02-24 06:25:00,42.8,-1
1513,15650,2020-02-24 08:10:00,42.6,-1
1514,15651,2020-02-24 08:15:00,41.6,-1
1515,15652,2020-02-24 08:20:00,41.4,-1
1516,15653,2020-02-24 08:25:00,42.4,-1
1517,15812,2020-02-24 21:40:00,42.0,-1
1518,15813,2020-02-24 21:45:00,41.6,-1
1519,15814,2020-02-24 21:50:00,41.8,-1
1520,15815,2020-02-24 21:55:00,42.2,-1
1521,15816,2020-02-24 22:00:00,41.4,-1
1522,15817,2020-02-24 22:05:00,42.0,-1
1523,15818,2020-02-24 22:10:00,42.4,-1
1524,15821,2020-02-24 22:25:00,42.8,-1
1525,15822,2020-02-24 22:30:00,41.4,-1
1526,15823,2020-02-24 22:35:00,41.2,-1
1527,15824,2020-02-24 22:40:00,40.4,-1
1528,15825,2020-02-24 22:45:00,41.0,-1
1529,15826,2020-02-24 22:50:00,41.4,-1
1530,15827,2020-02-24 22:55:00,42.0,-1
1531,15828,2020-02-24 23:00:00,42.8,-1
1532,15840,2020-02-25 00:00:00,42.8,-1
1533,15841,2020-02-25 00:05:00,40.6,-1
1534,15842,2020-02-25 00:10:00,40.0,-1
1535,15843,2020-02-25 00:15:00,40.0,-1
1536,15844,2020-02-25 00:20:00,40.8,-1
1537,15845,2020-02-25 00:25:00,42.0,-1
1538,15846,2020-02-25 00:30:00,41.6,-1
1539,15847,2020-02-25 00:35:00,42.2,-1
1540,15851,2020-02-25 00:55:00,41.2,-1
1541,15852,2020-02-25 01:00:00,40.4,-1
1542,15853,2020-02-25 01:05:00,40.6,-1
1543,15854,2020-02-25 01:10:00,40.4,-1
1544,15855,2020-02-25 01:15:00,41.8,-1
1545,15856,2020-02-25 01:20:00,42.6,-1
1546,15857,2020-02-25 01:25:00,42.4,-1
1547,15870,2020-02-25 02:30:00,42.0,-1
1548,15871,2020-02-25 02:35:00,42.4,-1
1549,15874,2020-02-25 02:50:00,41.6,-1
1550,15875,2020-02-25 02:55:00,41.4,-1
1551,15876,2020-02-25 03:00:00,42.0,-1
1552,15877,2020-02-25 03:05:00,41.6,-1
1553,15878,2020-02-25 03:10:00,41.4,-1
1554,15879,2020-02-25 03:15:00,42.0,-1
1555,15880,2020-02-25 03:20:00,42.0,-1
1556,15881,2020-02-25 03:25:00,42.4,-1
1557,15882,2020-02-25 03:30:00,42.2,-1
1558,15883,2020-02-25 03:35:00,41.8,-1
1559,15884,2020-02-25 03:40:00,42.2,-1
1560,15885,2020-02-25 03:45:00,41.8,-1
1561,15895,2020-02-25 04:35:00,42.6,-1
1562,15897,2020-02-25 04:45:00,42.0,-1
1563,15898,2020-02-25 04:50:00,42.0,-1
1564,15899,2020-02-25 04:55:00,42.0,-1
1565,15900,2020-02-25 05:00:00,41.2,-1
1566,15901,2020-02-25 05:05:00,40.4,-1
1567,15902,2020-02-25 05:10:00,41.4,-1
1568,15903,2020-02-25 05:15:00,42.0,-1
1569,15904,2020-02-25 05:20:00,42.0,-1
1570,15905,2020-02-25 05:25:00,41.6,-1
1571,15906,2020-02-25 05:30:00,40.6,-1
1572,15907,2020-02-25 05:35:00,40.4,-1
1573,15908,2020-02-25 05:40:00,41.8,-1
1574,15909,2020-02-25 05:45:00,42.6,-1
1575,15910,2020-02-25 05:50:00,41.2,-1
1576,15911,2020-02-25 05:55:00,42.4,-1
1577,15915,2020-02-25 06:15:00,40.6,-1
1578,15916,2020-02-25 06:20:00,39.6,-1
1579,15917,2020-02-25 06:25:00,40.6,-1
1580,15918,2020-02-25 06:30:00,42.6,-1
1581,15919,2020-02-25 06:35:00,42.4,-1
1582,15920,2020-02-25 06:40:00,42.6,-1
1583,15921,2020-02-25 06:45:00,42.0,-1
1584,15922,2020-02-25 06:50:00,41.6,-1
1585,15923,2020-02-25 06:55:00,41.4,-1
1586,15924,2020-02-25 07:00:00,42.8,-1
1587,15928,2020-02-25 07:20:00,42.2,-1
1588,15929,2020-02-25 07:25:00,41.4,-1
1589,15930,2020-02-25 07:30:00,41.2,-1
1590,15931,2020-02-25 07:35:00,40.8,-1
1591,15938,2020-02-25 08:10:00,42.8,-1
1592,15939,2020-02-25 08:15:00,40.6,-1
1593,15940,2020-02-25 08:20:00,40.0,-1
1594,15941,2020-02-25 08:25:00,40.4,-1
1595,15942,2020-02-25 08:30:00,40.3,-1
1596,15943,2020-02-25 08:35:00,40.72,-1
1597,16054,2020-02-25 17:50:00,59.28,-1
1598,16055,2020-02-25 17:55:00,59.99242902208202,-1
1599,16056,2020-02-25 18:00:00,59.84858044164038,-1
1600,16057,2020-02-25 18:05:00,59.65930599369085,-1
1601,16058,2020-02-25 18:10:00,59.47003154574132,-1
1602,16059,2020-02-25 18:15:00,59.2807570977918,-1
1603,16060,2020-02-25 18:20:00,59.09148264984227,-1
1604,16061,2020-02-25 18:25:00,58.90220820189275,-1
1605,16062,2020-02-25 18:30:00,58.71293375394322,-1
1606,16063,2020-02-25 18:35:00,58.52365930599369,-1
1607,16064,2020-02-25 18:40:00,58.33438485804417,-1
1608,16065,2020-02-25 18:45:00,58.14511041009464,-1
1609,16066,2020-02-25 18:50:00,57.95583596214512,-1
1610,16213,2020-02-26 07:05:00,42.6,-1
1611,16214,2020-02-26 07:10:00,41.6,-1
1612,16215,2020-02-26 07:15:00,41.0,-1
1613,16216,2020-02-26 07:20:00,41.0,-1
1614,16217,2020-02-26 07:25:00,41.4,-1
1615,16218,2020-02-26 07:30:00,42.4,-1
1616,16349,2020-02-26 18:25:00,57.9277108433735,-1
1617,16350,2020-02-26 18:30:00,58.04819277108434,-1
1618,16351,2020-02-26 18:35:00,58.16867469879518,-1
1619,16352,2020-02-26 18:40:00,58.28915662650602,-1
1620,16353,2020-02-26 18:45:00,58.40963855421687,-1
1621,16354,2020-02-26 18:50:00,58.53012048192771,-1
1622,16355,2020-02-26 18:55:00,58.65060240963855,-1
1623,16356,2020-02-26 19:00:00,58.77108433734939,-1
1624,16357,2020-02-26 19:05:00,58.89156626506024,-1
1625,16358,2020-02-26 19:10:00,59.01204819277109,-1
1626,16359,2020-02-26 19:15:00,59.13253012048193,-1
1627,16360,2020-02-26 19:20:00,59.25301204819277,-1
1628,16361,2020-02-26 19:25:00,59.373493975903614,-1
1629,16362,2020-02-26 19:30:00,59.493975903614455,-1
1630,16363,2020-02-26 19:35:00,59.61445783132531,-1
1631,16364,2020-02-26 19:40:00,59.73493975903615,-1
1632,16365,2020-02-26 19:45:00,59.85542168674699,-1
1633,16366,2020-02-26 19:50:00,59.97590361445784,-1
1634,16367,2020-02-26 19:55:00,60.09638554216868,-1
1635,16368,2020-02-26 20:00:00,60.21686746987952,-1
1636,16369,2020-02-26 20:05:00,60.337349397590366,-1
1637,16370,2020-02-26 20:10:00,60.45783132530121,-1
1638,16371,2020-02-26 20:15:00,60.57831325301205,-1
1639,16372,2020-02-26 20:20:00,60.69879518072289,-1
1640,16373,2020-02-26 20:25:00,60.81927710843373,-1
1641,16374,2020-02-26 20:30:00,60.93975903614457,-1
1642,16375,2020-02-26 20:35:00,61.06024096385543,-1
1643,16376,2020-02-26 20:40:00,61.18072289156627,-1
1644,16377,2020-02-26 20:45:00,61.30120481927711,-1
1645,16378,2020-02-26 20:50:00,61.42168674698795,-1
1646,16379,2020-02-26 20:55:00,61.54216867469879,-1
1647,16380,2020-02-26 21:00:00,61.66265060240964,-1
1648,16381,2020-02-26 21:05:00,61.78313253012048,-1
1649,16382,2020-02-26 21:10:00,61.90361445783133,-1
1650,16383,2020-02-26 21:15:00,61.755180722891566,-1
1651,16384,2020-02-26 21:20:00,61.04,-1
1652,16385,2020-02-26 21:25:00,60.8741935483871,-1
1653,16386,2020-02-26 21:30:00,60.37096774193549,-1
1654,16387,2020-02-26 21:35:00,59.84677419354839,-1
1655,16388,2020-02-26 21:40:00,59.322580645161295,-1
1656,16389,2020-02-26 21:45:00,58.79838709677419,-1
1657,16390,2020-02-26 21:50:00,58.274193548387096,-1
1658,16420,2020-02-27 00:20:00,61.0,-1
1659,16421,2020-02-27 00:25:00,65.8,-1
1660,16422,2020-02-27 00:30:00,62.0,-1
1661,16439,2020-02-27 01:55:00,62.6,-1
1662,16440,2020-02-27 02:00:00,71.0,-1
1663,16441,2020-02-27 02:05:00,65.4,-1
1664,16459,2020-02-27 03:35:00,66.0,-1
1665,16460,2020-02-27 03:40:00,69.2,-1
1666,16461,2020-02-27 03:45:00,63.0,-1
1667,16462,2020-02-27 03:50:00,58.0,-1
1668,16747,2020-02-28 03:35:00,42.0,-1
1669,16748,2020-02-28 03:40:00,42.0,-1
1670,16749,2020-02-28 03:45:00,42.0,-1
1671,16764,2020-02-28 05:00:00,42.0,-1
1672,17002,2020-02-29 00:50:00,63.6,-1
1673,17003,2020-02-29 00:55:00,64.8,-1
1674,17004,2020-02-29 01:00:00,59.8,-1
1675,17056,2020-02-29 05:20:00,42.6,-1
1676,17057,2020-02-29 05:25:00,42.8,-1
1677,17069,2020-02-29 06:25:00,42.6,-1
1678,17070,2020-02-29 06:30:00,42.0,-1
1679,17071,2020-02-29 06:35:00,42.4,-1
1680,17091,2020-02-29 08:15:00,42.0,-1
1681,17092,2020-02-29 08:20:00,42.8,-1
1682,17182,2020-02-29 15:50:00,57.87606837606838,-1
1683,17183,2020-02-29 15:55:00,58.02564102564103,-1
1684,17184,2020-02-29 16:00:00,58.17521367521368,-1
1685,17185,2020-02-29 16:05:00,58.32478632478633,-1
1686,17186,2020-02-29 16:10:00,58.474358974358985,-1
1687,17187,2020-02-29 16:15:00,58.62393162393162,-1
1688,17188,2020-02-29 16:20:00,58.77350427350427,-1
1689,17189,2020-02-29 16:25:00,58.92307692307692,-1
1690,17190,2020-02-29 16:30:00,59.07264957264957,-1
1691,17191,2020-02-29 16:35:00,59.22222222222221,-1
1692,17192,2020-02-29 16:40:00,59.37179487179488,-1
1693,17193,2020-02-29 16:45:00,59.52136752136752,-1
1694,17194,2020-02-29 16:50:00,59.67094017094017,-1
1695,17195,2020-02-29 16:55:00,59.82051282051282,-1
1696,17196,2020-02-29 17:00:00,59.96410256410256,-1
1697,17197,2020-02-29 17:05:00,59.99560439560439,-1
1698,17198,2020-02-29 17:10:00,59.91208791208792,-1
1699,17199,2020-02-29 17:15:00,59.8021978021978,-1
1700,17200,2020-02-29 17:20:00,59.69230769230769,-1
1701,17201,2020-02-29 17:25:00,59.58241758241759,-1
1702,17202,2020-02-29 17:30:00,59.472527472527474,-1
1703,17203,2020-02-29 17:35:00,59.36263736263736,-1
1704,17204,2020-02-29 17:40:00,59.252747252747255,-1
1705,17205,2020-02-29 17:45:00,59.142857142857146,-1
1706,17206,2020-02-29 17:50:00,59.03296703296703,-1
1707,17207,2020-02-29 17:55:00,58.92307692307692,-1
1708,17208,2020-02-29 18:00:00,58.8131868131868,-1
1709,17209,2020-02-29 18:05:00,58.7032967032967,-1
1710,17210,2020-02-29 18:10:00,58.5934065934066,-1
1711,17211,2020-02-29 18:15:00,58.48351648351648,-1
1712,17212,2020-02-29 18:20:00,58.37362637362637,-1
1713,17213,2020-02-29 18:25:00,58.26373626373627,-1
1714,17214,2020-02-29 18:30:00,58.15384615384615,-1
1715,17215,2020-02-29 18:35:00,58.04395604395605,-1
1716,17216,2020-02-29 18:40:00,57.93406593406594,-1
1717,17301,2020-03-01 01:45:00,42.8,-1
1718,17584,2020-03-02 01:20:00,42.0,-1
1719,17585,2020-03-02 01:25:00,41.6,-1
1720,17586,2020-03-02 01:30:00,41.8,-1
1721,17587,2020-03-02 01:35:00,42.2,-1
1722,17588,2020-03-02 01:40:00,41.0,-1
1723,17602,2020-03-02 02:50:00,42.6,-1
1724,17603,2020-03-02 02:55:00,41.6,-1
1725,17604,2020-03-02 03:00:00,41.4,-1
1726,17605,2020-03-02 03:05:00,42.0,-1
1727,17606,2020-03-02 03:10:00,42.4,-1
1728,17607,2020-03-02 03:15:00,42.2,-1
1729,17608,2020-03-02 03:20:00,41.4,-1
1730,17609,2020-03-02 03:25:00,42.0,-1
1731,17610,2020-03-02 03:30:00,42.0,-1
1732,17611,2020-03-02 03:35:00,42.0,-1
1733,17648,2020-03-02 06:40:00,42.6,-1
1734,17649,2020-03-02 06:45:00,41.6,-1
1735,17650,2020-03-02 06:50:00,41.4,-1
1736,17651,2020-03-02 06:55:00,41.6,-1
1737,17652,2020-03-02 07:00:00,41.0,-1
1738,17653,2020-03-02 07:05:00,41.0,-1
1739,17654,2020-03-02 07:10:00,41.0,-1
1740,17655,2020-03-02 07:15:00,41.0,-1
1741,17656,2020-03-02 07:20:00,42.2,-1
1742,17669,2020-03-02 08:25:00,42.0,-1
1743,17670,2020-03-02 08:30:00,42.0,-1
1744,17671,2020-03-02 08:35:00,42.4,-1
1745,17892,2020-03-03 03:00:00,60.2,-1
1746,17893,2020-03-03 03:05:00,63.8,-1
1747,17894,2020-03-03 03:10:00,61.6,-1
1748,17895,2020-03-03 03:15:00,60.6,-1
1749,17896,2020-03-03 03:20:00,58.4,-1
1750,17912,2020-03-03 04:40:00,60.2,-1
1751,17913,2020-03-03 04:45:00,61.64,-1
1752,17914,2020-03-03 04:50:00,59.36,-1
1753,17915,2020-03-03 04:55:00,59.0,-1
1754,17916,2020-03-03 05:00:00,58.6,-1
1755,17917,2020-03-03 05:05:00,58.6,-1
1756,17918,2020-03-03 05:10:00,61.4,-1
1757,17919,2020-03-03 05:15:00,61.2,-1
1758,17920,2020-03-03 05:20:00,58.8,-1
1759,17935,2020-03-03 06:35:00,61.6,-1
1760,17936,2020-03-03 06:40:00,64.2,-1
1761,17937,2020-03-03 06:45:00,59.2,-1
1762,18149,2020-03-04 00:25:00,60.0,-1
1763,18151,2020-03-04 00:35:00,58.6,-1
1764,18166,2020-03-04 01:50:00,62.2,-1
1765,18167,2020-03-04 01:55:00,63.2,-1
1766,18168,2020-03-04 02:00:00,61.6,-1
1767,18169,2020-03-04 02:05:00,60.2,-1
1768,18434,2020-03-05 00:10:00,59.4,-1
1769,18435,2020-03-05 00:15:00,62.0,-1
1770,18436,2020-03-05 00:20:00,64.2,-1
1771,18437,2020-03-05 00:25:00,61.0,-1
1772,18451,2020-03-05 01:35:00,63.0,-1
1773,18452,2020-03-05 01:40:00,70.2,-1
1774,18453,2020-03-05 01:45:00,70.4,-1
1775,18454,2020-03-05 01:50:00,65.6,-1
1776,18455,2020-03-05 01:55:00,59.2,-1
